Ticker,Date,Open,High,Low,Close,Volume,Dividends,Stock Splits,EMA_5,MA_10,MA_20,MA_200,RSI,MACD
BRKB,2020-10-08,214.39,215.69,213.44,215.15,3421019.0,0.0,0.0,1316.57,1699.68,1761.14,,3.59,-106.46
NBL,2020-10-08,4.2,4.2,4.2,4.2,100.0,0.0,0.0,5.46,7.21,8.12,11.67,10.4,-0.49
DISH,2020-10-08,27.72,27.81,27.26,27.58,1690300.0,0.0,0.0,27.9,28.54,29.83,31.11,28.98,-0.14
SSSS,2020-10-08,9.24,9.38,9.01,9.21,727200.0,0.0,0.0,9.43,10.4,11.21,8.18,30.95,-0.31
AMC,2020-10-08,4.13,4.18,4.02,4.14,7790700.0,0.0,0.0,4.22,4.5,4.95,5.07,33.47,-0.12
SUPV,2020-10-08,1.7,1.74,1.687,1.71,388400.0,0.0,0.0,1.73,1.76,1.94,2.41,33.75,0.0
VIPS,2020-10-08,15.27,15.49,15.21,15.25,2844800.0,0.0,0.0,15.3,15.57,16.19,16.9,34.47,-0.0
GGAL,2020-10-08,7.13,7.34,7.01,7.25,572500.0,0.0,0.0,7.16,7.21,7.68,10.61,34.95,0.07
YPF,2020-10-08,3.66,3.82,3.63,3.81,817300.0,0.0,0.0,3.7,3.66,4.07,6.18,35.36,0.04
MLCO,2020-10-08,16.32,16.32,15.75,15.86,2815200.0,0.0,0.0,16.19,16.41,17.11,17.52,35.66,-0.08
RAD,2020-10-08,10.41,10.6,9.83,10.28,3786300.0,0.0,0.0,10.07,9.82,11.26,13.88,36.27,-0.02
BMA,2020-10-08,13.97,14.36,13.75,14.27,282400.0,0.0,0.0,14.1,14.21,14.92,22.27,36.41,0.11
TME,2020-10-08,14.58,14.58,14.26,14.29,3657900.0,0.0,0.0,14.45,14.61,15.0,13.27,36.55,-0.07
BBAR,2020-10-08,2.55,2.6,2.5,2.57,363100.0,0.0,0.0,2.57,2.58,2.71,3.73,37.09,0.02
NOV,2020-10-08,8.87,9.26,8.81,9.25,5000500.0,0.0,0.0,8.99,9.06,10.11,14.32,37.31,-0.07
BRFS,2020-10-08,3.14,3.25,3.13,3.25,2115000.0,0.0,0.0,3.24,3.27,3.57,4.71,37.39,-0.03
PDD,2020-10-08,75.03,76.25,73.01,73.41,4178300.0,0.0,0.0,73.57,73.64,77.22,60.85,37.44,-0.02
ENIA,2020-10-08,6.31,6.39,6.27,6.38,961900.0,0.0,0.0,6.37,6.39,6.73,7.77,37.51,-0.02
CBOE,2020-10-08,85.88,86.38,84.85,85.03,1007100.0,0.0,0.0,86.15,87.4,88.55,99.43,37.54,-0.42
HES,2020-10-08,38.17,38.71,37.67,38.59,2179400.0,0.0,0.0,38.53,39.34,40.79,48.68,37.63,-0.04
ZTO,2020-10-08,29.16,29.5,28.89,28.92,1512000.0,0.0,0.0,29.14,29.67,30.13,29.84,37.8,0.0
WING,2020-10-08,132.0,132.41,127.61,130.34,805900.0,0.0,0.0,133.92,136.82,136.01,116.35,37.8,-0.01
UGP,2020-10-08,3.27,3.41,3.27,3.38,743400.0,0.0,0.0,3.38,3.45,3.78,3.83,37.85,-0.06
SBS,2020-10-08,7.99,8.17,7.97,8.14,743000.0,0.0,0.0,8.14,8.24,8.51,10.3,37.96,0.0
BAH,2020-10-08,82.23,82.81,81.23,81.36,875400.0,0.0,0.0,82.06,83.06,83.82,76.67,38.06,-0.39
VIV,2020-10-08,7.7,7.95,7.7,7.89,1521600.0,0.0,0.0,7.79,7.76,8.21,9.88,38.38,-0.01
APA,2020-10-08,9.73,10.15,9.51,10.14,10706300.0,0.0,0.0,9.81,9.72,10.84,15.76,38.61,0.02
SNE,2020-10-08,73.75,74.3,73.53,74.13,744900.0,0.0,0.0,74.33,75.53,76.61,69.51,38.87,-0.37
SLCA,2020-10-08,2.86,3.03,2.84,2.99,675300.0,0.0,0.0,2.91,2.91,3.17,3.52,39.39,0.0
GRPN,2020-10-08,21.23,21.31,20.74,21.21,769600.0,0.0,0.0,21.2,21.59,23.95,28.5,40.17,-0.35
MRK,2020-10-08,80.39,81.83,80.16,80.48,8793600.0,0.0,0.0,80.61,81.44,82.77,80.26,40.35,-0.4
NTCO,2020-10-08,16.96,17.03,16.62,16.8,1480000.0,0.0,0.0,17.0,17.32,18.29,,40.49,-0.22
NTES,2020-10-08,86.5,88.94,85.04,88.42,2616300.0,0.0,0.0,89.01,90.55,92.42,78.05,40.88,-0.59
AG,2020-10-08,9.7,9.87,9.63,9.83,3847900.0,0.0,0.0,9.71,9.64,10.52,9.76,41.13,-0.03
MFG,2020-10-08,2.55,2.57,2.53,2.54,199200.0,0.0,0.0,2.54,2.57,2.62,2.56,41.15,-0.01
LVS,2020-10-08,46.4,46.66,45.93,46.11,4374800.0,0.0,0.0,46.25,46.53,47.68,51.63,41.3,-0.14
ETFC,2020-10-02,49.26,49.26,49.26,49.26,0.0,0.0,0.0,49.38,49.18,50.88,45.72,41.52,-0.14
MUR,2020-10-08,8.72,9.19,8.52,9.19,3452200.0,0.0,0.0,8.81,8.77,9.31,14.12,41.61,0.13
GWPH,2020-10-08,97.78,99.3,96.74,97.11,337600.0,0.0,0.0,96.59,96.96,99.68,110.83,41.62,0.24
GOLD,2020-10-08,27.12,27.52,26.9,27.27,13394100.0,0.0,0.0,27.43,27.77,28.34,23.98,41.68,-0.13
AZO,2020-10-08,1146.11,1157.48,1145.92,1150.0,150800.0,0.0,0.0,1153.04,1158.86,1178.88,1096.97,41.76,-2.69
KNX,2020-10-08,41.66,41.86,40.91,41.28,2985300.0,0.0,0.0,41.37,41.45,41.91,39.04,41.82,0.03
EA,2020-10-08,126.1,126.38,124.42,125.99,1959100.0,0.0,0.0,126.95,129.23,128.39,120.0,41.84,-0.09
BAX,2020-10-08,81.0,81.3,78.56,78.85,4324400.0,0.0,0.0,80.0,79.88,80.44,85.22,42.06,0.15
TSN,2020-10-08,59.0,59.54,58.69,58.99,2093400.0,0.0,0.0,58.94,59.13,60.49,65.29,42.17,-0.06
WWE,2020-10-08,40.33,40.54,39.55,39.85,288300.0,0.0,0.0,39.87,39.9,40.01,45.14,42.23,0.18
DIS,2020-10-08,123.58,123.75,122.42,123.09,7401800.0,0.0,0.0,122.89,123.56,125.96,121.27,42.38,-0.41
CHL,2020-10-08,32.65,32.65,32.46,32.61,1038500.0,0.0,0.0,32.45,32.36,33.05,35.92,42.51,0.04
NEM,2020-10-08,61.47,62.16,61.21,61.72,3913800.0,0.0,0.0,61.78,62.17,63.5,56.09,42.68,-0.14
DPZ,2020-10-08,405.9,410.92,394.9,401.01,3772700.0,0.0,0.0,418.97,423.37,411.49,357.91,43.09,-0.23
ATVI,2020-10-08,78.7,78.96,77.35,77.8,5488600.0,0.0,0.0,78.76,80.02,80.09,70.04,43.26,-0.28
ETRN,2020-10-08,8.32,8.64,8.23,8.61,2813300.0,0.0,0.0,8.44,8.45,8.79,8.64,43.43,0.02
ABBV,2020-10-08,87.27,88.58,86.92,87.34,5533700.0,0.0,0.0,87.03,86.95,88.04,87.84,43.54,0.17
PBR,2020-10-08,7.13,7.39,7.11,7.38,18385800.0,0.0,0.0,7.21,7.15,7.62,9.18,43.57,0.0
BB,2020-10-08,4.6,4.64,4.54,4.6,2152900.0,0.0,0.0,4.57,4.58,4.69,4.95,43.63,-0.01
ANGI,2020-10-08,12.35,12.35,11.02,11.04,14767800.0,0.0,0.0,11.86,11.59,11.26,10.16,43.63,0.25
NKLA,2020-10-08,26.19,27.3,24.22,25.0,24561500.0,0.0,0.0,24.34,22.35,26.1,26.86,43.78,0.66
LYFT,2020-10-08,26.47,27.59,26.37,27.21,13325300.0,0.0,0.0,26.92,27.23,28.44,33.72,43.88,-0.13
TSU,2020-10-08,11.57,12.18,11.55,12.12,1856000.0,0.0,0.0,11.84,11.73,12.38,14.64,43.95,0.02
CIEN,2020-10-08,42.27,42.86,41.83,42.38,2228700.0,0.0,0.0,41.49,40.54,40.73,47.52,44.0,0.88
AMGN,2020-10-08,249.27,250.06,239.0,240.09,5588600.0,0.0,0.0,249.21,250.06,247.8,230.2,44.07,0.01
HUYA,2020-10-08,24.81,24.9,24.44,24.52,868000.0,0.0,0.0,24.58,24.58,25.47,20.25,44.08,-0.13
BKR,2020-10-08,13.15,13.42,13.0,13.38,5671100.0,0.0,0.0,13.08,13.05,13.74,16.08,44.28,0.01
RACE,2020-10-08,182.28,182.83,180.97,181.32,212900.0,0.0,0.0,181.48,182.03,184.71,169.42,44.33,-0.24
VLO,2020-10-08,42.64,44.38,42.26,44.36,3250600.0,0.0,0.0,43.05,42.86,44.99,60.18,44.36,0.14
WYNN,2020-10-08,75.28,76.09,73.91,74.32,2736500.0,0.0,0.0,74.08,73.16,75.2,90.83,44.41,0.33
MOMO,2020-10-08,15.32,15.39,14.95,15.0,2321400.0,0.0,0.0,14.89,14.48,14.52,22.62,44.42,0.31
NMR,2020-10-08,4.72,4.74,4.69,4.72,81900.0,0.0,0.0,4.67,4.67,4.79,4.59,44.61,-0.01
C,2020-10-08,44.91,45.17,44.28,44.72,28609500.0,0.0,0.0,44.43,43.69,44.43,54.23,44.62,0.39
CTL,2020-10-08,10.11,10.16,10.05,10.13,5845673.0,0.0,0.0,10.07,10.09,10.35,10.56,44.68,-0.03
TAK,2020-10-08,17.5,17.77,17.34,17.77,1891800.0,0.0,0.0,17.58,17.82,18.19,17.96,44.71,-0.09
NLOK,2020-10-08,21.2,21.25,20.78,20.91,5867600.0,0.0,0.0,20.99,20.95,20.92,19.66,44.76,0.06
NOC,2020-10-08,314.22,319.82,314.22,319.68,596800.0,0.0,0.0,315.71,317.88,326.72,331.31,44.92,-1.43
EOG,2020-10-08,37.11,37.87,36.67,37.67,3713900.0,0.0,0.0,36.69,36.35,37.67,52.39,44.94,0.28
FDS,2020-10-08,326.79,330.86,324.72,328.6,242400.0,0.0,0.0,326.44,328.11,331.11,301.38,44.96,-0.17
SLB,2020-10-08,16.12,16.44,15.94,16.43,10840400.0,0.0,0.0,16.02,15.82,16.86,21.62,45.0,0.01
PSX,2020-10-08,52.12,53.66,52.06,53.64,2395900.0,0.0,0.0,52.39,52.14,54.62,69.9,45.22,0.09
QD,2020-10-08,1.4,1.415,1.34,1.34,1876900.0,0.0,0.0,1.33,1.29,1.35,2.09,45.31,0.01
PRI,2020-10-08,115.11,116.27,114.19,115.13,303700.0,0.0,0.0,114.02,113.48,115.21,113.93,45.36,0.42
XOM,2020-10-08,33.88,35.34,33.76,35.26,34347700.0,0.0,0.0,34.15,34.06,35.19,45.72,45.37,0.16
PXD,2020-10-08,89.71,90.17,88.32,89.48,1188500.0,0.0,0.0,88.5,87.24,89.75,101.22,45.43,0.5
PAAS,2020-10-08,31.98,32.57,31.84,32.28,1822200.0,0.0,0.0,32.38,32.46,33.24,26.41,45.49,-0.03
CAJ,2020-10-08,16.47,16.52,16.41,16.45,399000.0,0.0,0.0,16.55,16.58,16.56,20.92,45.55,0.05
PBF,2020-10-08,6.24,6.52,6.13,6.51,3429500.0,0.0,0.0,6.23,6.0,6.4,13.66,45.6,0.11
SU,2020-10-08,12.44,12.99,12.4,12.92,7650800.0,0.0,0.0,12.41,12.29,12.74,19.33,45.66,0.12
TTWO,2020-10-08,162.46,162.92,159.07,160.42,904800.0,0.0,0.0,161.86,163.74,161.96,137.77,45.67,-0.16
SFM,2020-10-08,21.36,21.36,20.94,21.29,1165400.0,0.0,0.0,21.17,21.09,20.96,21.2,45.72,0.17
LX,2020-10-08,6.84,6.89,6.66,6.78,586000.0,0.0,0.0,6.71,6.57,6.78,9.95,45.73,0.09
GILD,2020-10-08,63.33,64.05,63.02,63.32,6409100.0,0.0,0.0,63.0,62.82,63.71,70.08,45.96,0.16
SMFG,2020-10-08,5.73,5.74,5.7,5.7,1411000.0,0.0,0.0,5.7,5.71,5.78,5.82,45.98,-0.01
BJ,2020-10-08,41.37,41.79,40.29,40.32,1396700.0,0.0,0.0,40.62,40.6,40.51,31.66,45.98,0.06
SGMO,2020-10-08,10.4,10.44,9.82,9.89,1056600.0,0.0,0.0,9.84,9.74,10.08,9.19,46.16,0.03
AU,2020-10-08,26.21,26.65,26.01,26.53,2075800.0,0.0,0.0,26.01,26.01,26.83,24.73,46.25,0.06
EQNR,2020-10-08,14.37,14.63,14.35,14.63,4575700.0,0.0,0.0,14.4,14.25,14.82,14.89,46.45,0.01
SBH,2020-10-08,9.45,10.07,9.45,9.9,2411000.0,0.0,0.0,9.51,9.22,9.83,12.15,46.51,0.1
ORLY,2020-10-08,447.05,455.69,447.05,453.36,386600.0,0.0,0.0,451.75,454.06,458.7,412.78,46.54,-0.91
EB,2020-10-08,10.24,10.57,10.15,10.49,384300.0,0.0,0.0,10.37,10.52,11.08,12.02,46.74,-0.16
GDDY,2020-10-08,76.5,76.5,74.46,75.05,723700.0,0.0,0.0,75.43,75.75,74.71,71.24,46.76,0.17
MNST,2020-10-08,79.19,79.35,78.6,79.17,1452100.0,0.0,0.0,78.98,79.46,79.84,69.74,46.77,-0.11
KGC,2020-10-08,8.52,8.67,8.46,8.62,11954300.0,0.0,0.0,8.68,8.79,8.96,6.67,46.77,-0.06
HRL,2020-10-08,49.46,49.81,48.88,49.1,1044100.0,0.0,0.0,49.12,49.03,49.05,47.56,46.77,0.11
MRO,2020-10-08,4.11,4.38,4.06,4.38,25827500.0,0.0,0.0,4.21,4.15,4.32,6.74,47.14,0.05
SM,2020-10-08,1.56,1.87,1.54,1.85,9435000.0,0.0,0.0,1.65,1.61,1.79,4.43,47.19,0.03
CVX,2020-10-08,74.39,75.55,73.99,75.22,11582600.0,0.0,0.0,73.52,72.53,74.39,88.95,47.19,0.51
PTEN,2020-10-08,2.93,3.07,2.87,3.04,2977500.0,0.0,0.0,2.84,2.79,3.01,4.56,47.3,0.02
CTXS,2020-10-08,134.79,135.77,133.65,135.51,722600.0,0.0,0.0,134.99,136.12,135.32,134.27,47.34,0.08
LNG,2020-10-08,46.69,48.67,46.65,48.34,791300.0,0.0,0.0,47.37,47.59,48.61,48.82,47.43,-0.08
HL,2020-10-08,5.22,5.26,5.1,5.2,4334700.0,0.0,0.0,5.15,5.1,5.27,3.66,47.44,0.01
NKTR,2020-10-08,17.92,18.23,17.9,18.13,758000.0,0.0,0.0,17.58,17.13,18.35,20.71,47.68,0.05
CLVS,2020-10-08,5.86,5.96,5.76,5.85,1958200.0,0.0,0.0,5.81,5.84,6.32,7.23,47.72,-0.08
ERJ,2020-10-08,4.48,4.75,4.47,4.74,1880900.0,0.0,0.0,4.61,4.51,4.68,9.03,47.79,0.06
HMY,2020-10-08,5.33,5.45,5.31,5.44,3463100.0,0.0,0.0,5.31,5.28,5.47,4.21,47.89,0.02
PAM,2020-10-08,10.48,10.74,10.25,10.65,169800.0,0.0,0.0,10.57,10.5,10.63,11.68,47.96,0.04
TRIP,2020-10-08,20.6,20.65,19.99,20.22,1384800.0,0.0,0.0,19.91,19.69,20.05,21.94,47.97,0.1
IAG,2020-10-08,3.77,3.94,3.75,3.92,3296500.0,0.0,0.0,3.83,3.83,3.94,3.58,47.98,-0.0
MMC,2020-10-08,114.61,115.68,114.13,114.26,2141300.0,0.465,0.0,114.31,114.04,115.1,106.85,48.02,-0.06
MBT,2020-10-08,8.45,8.54,8.37,8.54,4353400.0,0.23,0.0,8.42,8.44,8.58,8.49,48.06,-0.01
FVE,2020-10-08,5.0,5.1,4.9,5.0,56500.0,0.0,0.0,4.98,5.0,5.05,4.2,48.07,-0.02
MUX,2020-10-08,1.09,1.12,1.07,1.1,1805100.0,0.0,0.0,1.08,1.06,1.09,1.06,48.11,0.01
LDOS,2020-10-08,89.16,90.58,88.84,89.19,586200.0,0.0,0.0,89.28,90.06,89.6,95.71,48.15,-0.06
DHC,2020-10-08,3.47,3.61,3.45,3.58,855900.0,0.0,0.0,3.54,3.53,3.55,4.67,48.16,0.02
QLYS,2020-10-08,100.19,100.59,98.48,99.02,206500.0,0.0,0.0,98.32,98.4,97.35,98.29,48.32,0.58
AMT,2020-10-08,243.76,246.54,242.86,243.56,2501100.0,0.0,0.0,242.41,241.68,244.33,242.12,48.36,0.39
CXO,2020-10-08,44.99,45.63,44.36,45.59,1077200.0,0.0,0.0,44.52,44.07,45.18,58.07,48.44,0.23
NYCB,2020-10-08,8.75,8.87,8.66,8.7,3503100.0,0.0,0.0,8.64,8.49,8.61,9.95,48.48,0.07
CLX,2020-10-08,215.07,215.8,211.96,212.86,856600.0,0.0,0.0,212.28,211.32,211.17,194.43,48.58,0.78
BHP,2020-10-08,52.06,52.53,51.87,52.52,2272900.0,0.0,0.0,51.9,51.84,52.96,47.34,48.67,-0.07
GFI,2020-10-08,12.09,12.31,11.99,12.28,3380500.0,0.0,0.0,12.12,12.12,12.6,8.67,48.78,-0.05
NDAQ,2020-10-08,123.74,124.89,123.32,124.6,629800.0,0.0,0.0,123.86,123.7,123.92,114.66,48.88,0.28
M,2020-10-08,6.02,6.32,5.98,6.29,21243000.0,0.0,0.0,6.05,5.93,6.29,8.7,48.93,0.01
GOL,2020-10-08,6.6,6.69,6.5,6.68,979900.0,0.0,0.0,6.55,6.36,6.88,8.49,48.94,-0.01
RES,2020-10-08,2.87,2.94,2.86,2.88,655700.0,0.0,0.0,2.82,2.73,2.85,3.32,48.98,0.02
GOOGL,2020-10-08,1465.45,1488.03,1465.45,1483.43,1303300.0,0.0,0.0,1469.21,1464.93,1469.07,1410.33,49.06,4.17
MKL,2020-10-08,983.35,999.7,983.35,998.0,33000.0,0.0,0.0,986.19,976.79,987.94,1023.61,49.14,4.09
WMB,2020-10-08,19.47,20.01,19.29,19.99,6586400.0,0.0,0.0,19.61,19.64,20.16,18.87,49.31,-0.06
EBAY,2020-10-08,51.3,52.18,50.98,52.08,6746000.0,0.0,0.0,51.44,51.98,51.39,43.97,49.39,0.11
DBX,2020-10-08,19.79,19.84,19.35,19.67,6575100.0,0.0,0.0,19.51,19.36,19.49,19.99,49.4,0.09
STAY,2020-10-08,12.21,12.27,12.01,12.11,1374200.0,0.0,0.0,12.1,12.08,12.13,11.34,49.42,0.01
SBSW,2020-10-08,11.22,11.44,11.19,11.38,2688900.0,0.0,0.0,11.05,10.95,11.48,9.31,49.47,-0.03
RMD,2020-10-08,172.56,173.67,171.13,172.7,484100.0,0.0,0.0,170.71,170.4,171.18,168.46,49.58,0.55
BOX,2020-10-08,17.5,17.76,17.35,17.73,1616000.0,0.0,0.0,17.44,17.4,17.56,17.0,49.61,0.02
REAL,2020-10-08,16.0,16.05,15.45,15.58,929800.0,0.0,0.0,15.5,15.28,15.66,13.78,49.61,0.02
MDLZ,2020-10-08,56.48,56.75,56.23,56.5,4483100.0,0.0,0.0,56.52,56.71,56.57,53.28,49.63,-0.03
CIG,2020-10-08,1.9,1.96,1.88,1.96,8222700.0,0.0,0.0,1.92,1.89,1.96,2.28,49.74,-0.0
MS,2020-10-08,47.98,49.49,47.26,49.0,23821200.0,0.0,0.0,48.46,48.03,48.63,46.23,49.77,0.16
BMRN,2020-10-08,78.0,79.86,77.72,79.61,1236200.0,0.0,0.0,77.61,76.81,76.8,94.83,49.81,1.18
PAA,2020-10-08,5.81,6.4,5.76,6.37,6757700.0,0.0,0.0,6.05,5.95,6.2,9.63,49.83,0.06
NWSA,2020-10-08,14.27,14.45,14.04,14.44,2186000.0,0.0,0.0,14.31,14.21,14.55,12.42,49.89,-0.03
SHW,2020-10-08,694.62,697.96,685.47,688.28,492400.0,0.0,0.0,689.4,693.88,697.34,581.1,49.92,-2.82
HSIC,2020-10-08,60.13,61.32,59.56,61.09,782500.0,0.0,0.0,59.8,59.16,60.28,61.23,49.96,0.3
LXRX,2020-10-08,1.5,1.58,1.5,1.56,557800.0,0.0,0.0,1.49,1.48,1.53,2.26,49.99,0.01
STZ,2020-10-08,181.58,185.23,180.7,185.15,1094600.0,0.0,0.0,183.67,184.53,187.06,174.69,50.01,-0.77
WEX,2020-10-08,146.88,148.96,146.0,147.0,321400.0,0.0,0.0,145.18,143.15,143.16,160.78,50.04,1.23
VG,2020-10-08,10.35,10.53,10.22,10.43,1771500.0,0.0,0.0,10.28,10.23,10.18,9.39,50.26,0.07
HFC,2020-10-08,20.9,21.66,20.63,21.5,1826000.0,0.0,0.0,20.62,20.18,20.77,30.15,50.29,0.25
VST,2020-10-08,17.94,18.31,17.9,18.28,5212600.0,0.0,0.0,18.06,18.11,18.17,19.13,50.3,0.02
AA,2020-10-08,12.45,12.74,12.38,12.73,4867600.0,0.0,0.0,12.19,11.89,12.46,12.26,50.33,0.09
BTG,2020-10-08,6.44,6.58,6.42,6.55,6326700.0,0.0,0.0,6.5,6.52,6.58,5.14,50.4,-0.01
OXY,2020-10-08,10.41,11.2,10.33,11.18,27430900.0,0.0,0.0,10.52,10.22,10.59,20.65,50.42,0.18
YY,2020-10-08,83.54,84.42,80.65,81.32,557900.0,0.0,0.0,81.74,80.66,80.46,68.82,50.45,0.43
BVN,2020-10-08,12.44,12.53,12.25,12.37,649800.0,0.0,0.0,12.23,12.17,12.13,10.66,50.46,0.03
K,2020-10-08,65.06,65.43,64.74,65.22,868500.0,0.0,0.0,64.94,64.43,64.01,64.94,50.47,0.38
CDE,2020-10-08,7.56,7.72,7.51,7.64,3831700.0,0.0,0.0,7.49,7.42,7.57,5.88,50.52,0.02
ALLT,2020-10-08,9.62,9.71,9.44,9.54,95000.0,0.0,0.0,9.36,9.17,9.22,10.31,50.59,0.12
CCL,2020-10-08,16.16,16.17,15.37,15.61,40892900.0,0.0,0.0,15.46,15.26,15.43,22.33,50.66,0.07
VRTX,2020-10-08,267.16,268.92,264.91,268.53,777700.0,0.0,0.0,266.62,267.7,266.48,258.29,50.71,0.25
MPC,2020-10-08,29.39,31.14,29.28,31.12,6633500.0,0.0,0.0,29.69,29.17,30.12,37.12,50.72,0.27
MUFG,2020-10-08,4.12,4.14,4.1,4.13,882500.0,0.0,0.0,4.11,4.11,4.15,4.23,50.75,0.0
NVAX,2020-10-08,110.95,114.35,109.2,111.02,2350400.0,0.0,0.0,109.21,108.81,108.48,56.99,50.84,1.09
CLR,2020-10-08,13.08,13.98,12.94,13.93,3255800.0,0.0,0.0,13.15,12.7,13.12,17.77,50.89,0.22
CVE,2020-10-08,3.95,4.17,3.91,4.14,4593300.0,0.0,0.0,3.92,3.87,3.99,5.19,50.89,0.03
CSCO,2020-10-08,39.8,40.18,39.66,39.79,19026800.0,0.0,0.0,39.16,38.8,39.02,42.96,50.91,0.27
NTNX,2020-10-08,21.65,23.11,21.61,22.81,3178400.0,0.0,0.0,22.12,22.1,22.46,24.01,50.96,-0.01
CF,2020-10-08,31.34,31.86,31.11,31.86,1239200.0,0.0,0.0,31.27,30.8,31.73,32.32,50.97,0.06
KHC,2020-10-08,30.99,31.34,30.9,31.22,4590800.0,0.0,0.0,30.81,30.31,30.34,29.72,50.98,0.3
FB,2020-10-08,259.75,264.62,259.15,263.76,16288600.0,0.0,0.0,261.25,260.71,259.23,221.99,51.07,0.58
PDCE,2020-10-08,12.54,13.06,12.27,12.9,1511900.0,0.0,0.0,12.43,12.17,12.06,14.96,51.15,0.2
FIS,2020-10-08,146.28,146.91,145.17,146.6,1995300.0,0.0,0.0,145.69,146.31,146.21,137.92,51.16,-0.19
TWOU,2020-10-08,36.82,37.14,36.2,36.37,675700.0,0.0,0.0,35.85,35.29,34.85,30.7,51.22,0.43
AAPL,2020-10-08,116.25,116.4,114.59,114.97,83032000.0,0.0,0.0,114.71,114.67,112.8,87.15,51.22,0.26
AUY,2020-10-08,5.68,5.9,5.67,5.9,19330800.0,0.0,0.0,5.74,5.71,5.84,4.83,51.26,0.0
JKHY,2020-10-08,165.4,166.49,163.13,164.32,302600.0,0.0,0.0,163.35,162.65,160.96,166.47,51.29,1.0
BBD,2020-10-08,3.48,3.69,3.47,3.68,24541700.0,0.0,0.0,3.55,3.49,3.61,4.86,51.33,0.02
QRTEA,2020-10-08,7.53,7.75,7.46,7.73,3412900.0,0.0,0.0,7.52,7.39,7.42,6.46,51.37,0.05
MGM,2020-10-08,21.79,22.03,21.43,21.93,10066000.0,0.0,0.0,21.64,21.77,22.0,20.83,51.43,-0.12
TM,2020-10-08,132.93,133.14,132.47,132.95,99300.0,0.0,0.0,132.44,132.86,132.98,128.77,51.47,-0.18
GEO,2020-10-08,11.38,11.44,11.19,11.28,1912200.0,0.0,0.0,11.33,11.36,11.22,12.28,51.48,0.02
JNPR,2020-10-08,22.46,22.78,22.44,22.64,4222400.0,0.0,0.0,22.14,21.8,22.26,22.75,51.63,0.12
SPGI,2020-10-08,355.67,360.78,355.08,357.2,547800.0,0.0,0.0,357.57,358.41,354.67,309.35,51.69,0.34
VRSN,2020-10-08,204.45,206.43,204.18,205.47,325600.0,0.0,0.0,204.17,204.43,203.51,203.38,51.71,0.24
DLTR,2020-10-08,91.0,91.81,90.43,91.53,1658300.0,0.0,0.0,90.57,90.49,89.32,87.82,51.81,0.48
MO,2020-10-08,40.67,40.95,40.23,40.38,5714800.0,0.0,0.0,39.9,39.21,39.84,40.18,51.82,0.21
BDX,2020-10-08,235.77,237.38,234.44,236.21,1010300.0,0.0,0.0,234.95,231.62,229.99,249.28,51.85,2.19
MSFT,2020-10-08,210.51,211.19,208.32,210.58,19903500.0,0.0,0.0,209.26,209.02,206.53,184.92,51.85,0.6
CMCSA,2020-10-08,45.09,45.39,44.83,45.3,15352900.0,0.0,0.0,45.21,45.59,45.48,41.01,51.88,-0.17
WAB,2020-10-08,65.06,65.37,63.74,64.84,741600.0,0.0,0.0,64.03,62.9,64.09,63.34,51.89,0.25
PYPL,2020-10-08,196.75,196.87,192.67,193.06,5577600.0,0.0,0.0,193.57,193.58,188.02,146.57,51.91,0.86
NPTN,2020-10-08,6.25,6.62,6.22,6.56,716400.0,0.0,0.0,6.48,6.27,6.22,7.87,51.92,0.13
AL,2020-10-08,30.92,31.42,30.26,30.73,1424100.0,0.0,0.0,30.57,30.13,30.45,31.37,51.96,0.09
BWA,2020-10-08,42.0,42.24,39.86,40.09,4120000.0,0.0,0.0,40.21,39.28,39.38,34.15,52.0,0.28
CNX,2020-10-08,10.34,10.49,10.12,10.49,2973400.0,0.0,0.0,10.08,9.85,10.43,9.0,52.0,-0.02
ITUB,2020-10-08,4.03,4.31,4.0,4.27,36423700.0,0.0,0.0,4.1,4.03,4.17,5.35,52.02,0.02
V,2020-10-08,204.0,204.3,202.23,202.98,3953700.0,0.0,0.0,202.14,201.12,201.21,190.22,52.08,0.3
AMZN,2020-10-08,3224.99,3233.29,3174.99,3190.55,3166700.0,0.0,0.0,3170.24,3159.45,3106.03,2511.25,52.08,13.37
HMC,2020-10-08,24.68,24.74,24.61,24.68,414000.0,0.0,0.0,24.48,24.04,24.35,24.97,52.08,0.13
ALL,2020-10-08,93.6,94.91,93.26,93.58,1422900.0,0.0,0.0,93.24,93.06,92.91,99.16,52.09,0.17
TFX,2020-10-08,350.0,355.23,348.79,354.34,198700.0,0.0,0.0,345.39,340.48,343.92,354.59,52.1,2.42
KR,2020-10-08,34.22,34.69,34.15,34.29,4451100.0,0.0,0.0,34.13,33.98,33.57,31.89,52.15,0.14
NBIX,2020-10-08,102.36,104.89,102.35,103.68,899400.0,0.0,0.0,100.34,98.18,99.73,107.83,52.15,1.03
COG,2020-10-08,18.11,18.52,18.03,18.49,4212600.0,0.0,0.0,18.01,17.71,18.35,17.83,52.15,0.02
CSX,2020-10-08,78.92,79.2,77.2,77.71,3444600.0,0.0,0.0,77.73,77.76,78.06,70.06,52.21,-0.18
ADSK,2020-10-08,237.23,238.0,232.26,234.31,1382100.0,0.0,0.0,231.59,230.77,229.19,206.38,52.21,0.95
TGI,2020-10-08,7.33,7.47,7.05,7.35,2566100.0,0.0,0.0,7.12,6.98,7.22,11.21,52.25,0.03
SPOT,2020-10-08,254.63,254.9,247.68,249.8,765100.0,0.0,0.0,248.64,244.91,240.84,191.78,52.27,2.24
CLDR,2020-10-08,11.04,11.56,11.02,11.23,5404700.0,0.0,0.0,10.95,10.86,10.89,10.38,52.27,0.05
BAP,2020-10-08,125.99,127.89,125.4,127.71,1047600.0,0.0,0.0,126.24,124.75,126.25,138.77,52.31,0.37
FEYE,2020-10-08,13.23,13.33,13.1,13.21,2577700.0,0.0,0.0,12.92,12.72,12.7,13.29,52.38,0.11
CABO,2020-10-08,1862.7,1865.16,1817.92,1830.13,36400.0,0.0,0.0,1837.07,1826.52,1795.98,1728.46,52.42,9.23
KT,2020-10-08,9.85,9.86,9.81,9.85,465500.0,0.0,0.0,9.78,9.69,9.75,9.84,52.52,0.03
TIF,2020-10-08,117.7,118.0,117.44,117.97,414300.0,0.0,0.0,117.3,116.64,115.8,124.8,52.55,0.51
IVR,2020-10-08,2.79,2.9,2.76,2.85,4108700.0,0.05,0.0,2.79,2.76,2.75,6.4,52.62,0.03
EQT,2020-10-08,14.27,14.51,13.89,14.5,3052600.0,0.0,0.0,13.9,13.48,14.04,11.67,52.64,0.08
LMT,2020-10-08,383.9,389.19,382.28,388.59,694900.0,0.0,0.0,384.0,384.26,386.75,380.47,52.67,-0.32
PANW,2020-10-08,252.24,253.32,248.5,249.51,746800.0,0.0,0.0,248.71,247.14,245.21,224.65,52.67,1.15
FTNT,2020-10-08,121.69,122.93,120.83,121.64,771500.0,0.0,0.0,119.89,118.54,117.68,120.35,52.74,1.02
BA,2020-10-08,166.22,168.09,163.54,168.0,20517000.0,0.0,0.0,165.76,165.03,162.29,200.71,52.93,1.16
TPX,2020-10-08,89.0,90.61,87.6,89.1,636800.0,0.0,0.0,89.23,89.44,89.08,72.98,52.95,-0.15
OSTK,2020-10-08,85.67,87.76,81.03,82.23,4232100.0,0.0,0.0,81.06,78.2,75.88,33.9,52.98,1.36
FREQ,2020-10-08,21.12,21.82,20.88,21.46,104500.0,0.0,0.0,20.77,20.11,21.38,20.32,53.05,0.02
XEC,2020-10-08,24.46,25.83,24.37,25.77,886600.0,0.0,0.0,24.7,24.38,24.64,29.04,53.06,0.16
AKAM,2020-10-08,110.15,111.66,110.15,111.08,749000.0,0.0,0.0,109.9,110.08,109.54,101.37,53.1,0.04
ADBE,2020-10-08,499.05,499.49,487.56,490.84,1589700.0,0.0,0.0,488.3,487.6,482.46,394.5,53.11,0.25
GLUU,2020-10-08,7.81,7.91,7.74,7.77,5303100.0,0.0,0.0,7.72,7.64,7.49,7.75,53.19,0.08
WELL,2020-10-08,56.61,57.5,56.26,57.22,3500900.0,0.0,0.0,56.68,55.9,56.28,58.49,53.2,0.18
CYH,2020-10-08,4.8,4.86,4.63,4.64,1252200.0,0.0,0.0,4.61,4.43,4.38,3.89,53.23,0.07
PFE,2020-10-08,36.6,37.18,36.51,36.89,16937500.0,0.0,0.0,36.57,36.43,36.43,35.84,53.25,0.09
LTC,2020-10-08,36.0,36.46,35.69,36.13,129300.0,0.0,0.0,35.76,35.31,35.42,37.5,53.27,0.18
TSLA,2020-10-08,438.44,439.0,425.3,425.92,40231700.0,0.0,0.0,423.64,423.07,421.1,217.91,53.29,-2.07
CZR,2020-10-08,56.5,56.97,54.62,54.74,3044500.0,0.0,0.0,55.57,56.23,55.73,40.45,53.3,-0.63
ECL,2020-10-08,203.34,203.47,201.32,201.46,842000.0,0.0,0.0,199.81,198.54,200.34,193.15,53.37,0.11
VRSK,2020-10-08,184.42,185.23,182.3,184.9,401200.0,0.0,0.0,183.13,183.28,182.68,165.7,53.39,0.22
CERN,2020-10-08,71.84,72.18,71.44,71.84,804700.0,0.0,0.0,71.67,71.49,70.72,70.13,53.39,0.23
WU,2020-10-08,22.14,22.5,22.12,22.32,2281900.0,0.0,0.0,21.93,21.72,21.92,22.18,53.4,0.07
FAST,2020-10-08,46.41,46.59,45.92,46.0,2939100.0,0.0,0.0,45.67,45.35,44.81,39.67,53.58,0.23
KIM,2020-10-08,11.89,12.02,11.78,12.02,5078800.0,0.0,0.0,11.86,11.65,11.81,13.21,53.58,0.05
JNJ,2020-10-08,148.5,149.85,148.04,148.89,4377900.0,0.0,0.0,147.82,147.35,147.09,143.81,53.64,0.25
INCY,2020-10-08,90.71,93.22,90.09,92.78,1127000.0,0.0,0.0,90.93,89.94,89.12,89.6,53.64,0.73
ICE,2020-10-08,101.29,102.27,100.94,101.44,2251500.0,0.0,0.0,101.13,100.89,100.05,93.31,53.66,0.19
WBA,2020-10-08,36.65,37.09,36.59,37.07,3621700.0,0.0,0.0,36.47,36.06,35.88,43.4,53.8,0.28
MIK,2020-10-08,10.28,10.46,10.04,10.24,3598500.0,0.0,0.0,10.05,9.84,10.01,5.96,53.83,-0.02
FTI,2020-10-08,6.88,7.09,6.84,7.08,4410600.0,0.0,0.0,6.72,6.46,6.67,10.08,53.89,0.09
KMI,2020-10-08,12.7,13.15,12.6,13.13,15288400.0,0.0,0.0,12.68,12.49,12.68,15.65,53.91,0.08
LOMA,2020-10-08,4.41,4.61,4.371,4.58,318700.0,0.0,0.0,4.4,4.29,4.34,5.01,53.91,0.07
W,2020-10-08,308.9,311.59,303.64,304.07,1026900.0,0.0,0.0,304.06,302.09,290.79,169.88,53.93,1.57
CVNA,2020-10-08,217.86,219.56,211.25,214.0,998100.0,0.0,0.0,217.73,220.18,202.71,119.27,53.94,0.32
NSC,2020-10-08,219.57,220.72,213.56,216.39,1584200.0,0.0,0.0,215.49,215.64,216.99,184.9,53.96,-0.72
LULU,2020-10-08,343.9,343.94,337.17,337.94,1077000.0,0.0,0.0,335.23,330.49,319.85,272.56,53.99,3.47
MPLX,2020-10-08,16.0,17.28,16.0,17.26,2556500.0,0.0,0.0,16.4,16.14,16.66,17.68,54.0,0.08
AAL,2020-10-08,13.33,13.68,12.73,13.16,88477300.0,0.0,0.0,12.93,12.7,12.76,15.99,54.02,0.06
EFX,2020-10-08,162.44,165.56,161.79,161.79,407100.0,0.0,0.0,159.97,158.62,158.09,151.87,54.05,0.75
JWN,2020-10-08,13.28,14.2,13.11,14.17,10958800.0,0.0,0.0,13.32,12.68,13.31,21.97,54.08,0.18
ET,2020-10-08,5.53,5.97,5.51,5.92,23264500.0,0.0,0.0,5.62,5.52,5.69,7.67,54.11,0.04
COP,2020-10-08,34.5,35.62,34.3,35.53,6757400.0,0.0,0.0,34.31,33.56,33.92,42.66,54.18,0.34
PFPT,2020-10-08,109.0,110.14,106.0,107.84,335900.0,0.0,0.0,106.29,105.23,104.25,113.83,54.21,0.69
DOCU,2020-10-08,226.08,226.9,218.12,220.39,3974000.0,0.0,0.0,221.1,218.59,210.33,139.56,54.27,1.43
RNG,2020-10-08,289.4,291.0,278.83,281.33,617100.0,0.0,0.0,280.96,276.48,267.96,245.03,54.27,2.75
PEP,2020-10-08,137.28,138.13,136.76,137.85,2977400.0,0.0,0.0,137.37,137.46,135.42,132.87,54.32,0.32
EGO,2020-10-08,10.93,11.21,10.93,11.2,1543100.0,0.0,0.0,10.98,10.7,10.83,9.18,54.39,0.08
DISCK,2020-10-08,20.04,20.49,19.99,20.47,1902900.0,0.0,0.0,19.93,19.63,20.25,21.85,54.42,0.01
MAS,2020-10-08,56.17,57.38,55.97,57.34,1745500.0,0.14,0.0,55.98,55.58,56.35,47.72,54.42,0.06
RTX,2020-10-08,59.82,60.85,59.68,60.8,4481000.0,0.0,0.0,59.6,58.68,59.72,68.68,54.57,0.2
BIP,2020-10-08,47.85,48.15,46.98,47.34,261100.0,0.0,0.0,47.68,47.71,47.34,42.11,54.61,-0.1
KMB,2020-10-08,151.2,151.2,149.77,150.31,1342300.0,0.0,0.0,149.7,148.37,147.58,140.67,54.64,0.64
EW,2020-10-08,82.0,82.25,80.93,81.65,1805000.0,0.0,0.0,80.44,79.3,80.13,74.06,54.64,0.18
CCI,2020-10-08,165.75,169.31,165.34,165.78,1329000.0,0.0,0.0,165.85,165.71,162.86,156.3,54.81,0.52
NOAH,2020-10-08,27.39,27.93,27.33,27.93,60100.0,0.0,0.0,27.36,26.71,27.05,29.04,54.83,0.24
VZ,2020-10-08,59.12,59.73,58.97,59.19,14260900.0,0.628,0.0,58.98,58.84,59.08,56.09,54.83,-0.04
KDP,2020-10-08,28.68,28.9,28.56,28.7,2891800.0,0.0,0.0,28.29,27.89,27.94,27.55,54.86,0.17
WDC,2020-10-08,37.98,38.82,37.89,38.7,4612200.0,0.0,0.0,37.52,37.43,37.59,46.65,54.94,0.07
RL,2020-10-08,72.53,74.38,72.0,74.33,1321900.0,0.0,0.0,71.83,70.31,73.31,83.26,54.95,-0.04
CHTR,2020-10-08,626.81,633.69,622.24,629.08,583800.0,0.0,0.0,626.32,625.63,622.05,531.12,55.0,-0.54
LUV,2020-10-08,39.0,39.6,38.03,38.99,9124600.0,0.0,0.0,38.47,38.08,38.64,39.21,55.02,-0.09
PE,2020-10-08,9.98,10.3,9.88,10.28,5466000.0,0.0,0.0,9.87,9.59,9.58,11.19,55.08,0.14
AXL,2020-10-08,6.68,6.93,6.62,6.8,2329300.0,0.0,0.0,6.45,6.03,6.16,6.87,55.21,0.16
APD,2020-10-08,303.02,304.68,299.09,299.66,745500.0,0.0,0.0,298.75,296.01,295.74,247.03,55.26,0.45
CAH,2020-10-08,47.29,48.73,46.8,48.68,1772500.0,0.0,0.0,47.41,46.92,46.69,50.44,55.29,0.37
ZNH,2020-10-08,28.15,28.48,28.13,28.38,16000.0,0.0,0.0,27.73,27.22,28.28,25.69,55.31,-0.1
TMUS,2020-10-08,114.89,115.6,114.28,115.49,2254300.0,0.0,0.0,114.36,114.02,112.95,97.27,55.35,0.23
ASML,2020-10-08,376.77,380.95,376.44,380.89,686700.0,0.0,0.0,376.5,373.57,368.68,324.79,55.36,1.66
CME,2020-10-08,169.56,172.4,169.39,170.9,1408600.0,0.0,0.0,169.27,168.36,167.57,180.64,55.39,0.45
DISCA,2020-10-08,22.33,22.79,22.28,22.77,3097500.0,0.0,0.0,22.15,21.82,22.41,23.78,55.39,0.01
CHWY,2020-10-08,57.59,59.45,57.12,58.67,3080000.0,0.0,0.0,57.39,56.7,55.46,42.56,55.4,0.26
FISV,2020-10-08,103.33,104.2,102.64,103.39,2680500.0,0.0,0.0,102.62,102.77,101.32,104.0,55.47,0.1
WPX,2020-10-08,5.15,5.3,5.07,5.3,5188400.0,0.0,0.0,5.11,4.97,4.75,6.96,55.5,0.12
MDRX,2020-10-08,8.45,8.6,8.35,8.54,618400.0,0.0,0.0,8.38,8.25,8.24,7.67,55.53,0.05
ATR,2020-10-08,115.8,116.79,115.52,116.52,138000.0,0.0,0.0,115.01,113.74,114.71,110.45,55.55,0.36
GNL,2020-10-08,16.32,16.67,16.24,16.61,319000.0,0.4,0.0,16.32,15.97,16.06,15.81,55.57,0.13
GD,2020-10-08,145.0,145.66,143.6,145.04,854600.0,1.1,0.0,142.51,140.02,140.64,149.5,55.6,1.01
GIS,2020-10-08,61.26,61.59,60.74,61.39,2459400.0,0.51,0.0,61.21,60.85,59.3,57.59,55.63,0.44
VIACA,2020-10-08,30.92,31.56,30.8,31.56,30100.0,0.0,0.0,30.94,30.83,31.5,28.09,55.69,-0.14
CHKP,2020-10-08,123.59,124.82,123.07,123.33,690100.0,0.0,0.0,121.83,120.83,120.14,112.03,55.77,0.53
UAL,2020-10-08,37.16,37.69,35.85,37.0,28252300.0,0.0,0.0,36.12,35.51,35.6,44.31,55.8,0.16
VALE,2020-10-08,10.75,11.06,10.71,11.05,28347600.0,0.0,0.0,10.76,10.61,10.8,10.1,55.86,0.02
TECK,2020-10-08,13.85,13.96,13.55,13.91,5859000.0,0.0,0.0,13.75,13.86,13.99,11.18,55.95,-0.14
RLGY,2020-10-08,11.19,11.3,10.69,10.82,1580400.0,0.0,0.0,10.69,10.17,10.36,7.99,55.96,0.11
T,2020-10-08,28.32,28.63,28.24,28.61,32097200.0,0.52,0.0,28.31,28.06,28.15,30.83,55.97,0.11
IRM,2020-10-08,27.2,28.31,27.13,28.24,2876700.0,0.0,0.0,27.49,27.08,27.58,26.98,55.97,0.1
REGN,2020-10-08,614.65,615.0,598.1,599.88,2336500.0,0.0,0.0,589.24,579.06,570.94,527.62,55.99,5.43
MAR,2020-10-08,99.81,100.44,98.21,100.31,1797700.0,0.0,0.0,98.0,95.74,97.58,102.71,55.99,0.34
BKNG,2020-10-08,1770.06,1794.53,1753.0,1788.81,262900.0,0.0,0.0,1746.41,1715.97,1722.83,1688.93,56.03,9.99
YUMC,2020-10-08,53.38,53.9,53.01,53.72,1225000.0,0.0,0.0,53.33,52.79,52.12,48.39,56.04,0.3
DVN,2020-10-08,9.97,10.33,9.84,10.32,8720100.0,0.0,0.0,9.93,9.64,9.47,12.98,56.04,0.15
ZTS,2020-10-08,161.93,163.56,159.89,163.17,3642400.0,0.0,0.0,162.24,162.56,161.49,139.09,56.05,-0.19
TER,2020-10-08,82.6,83.38,82.17,82.48,1137300.0,0.0,0.0,81.47,80.33,78.39,71.94,56.06,0.9
MGI,2020-10-08,3.08,3.18,3.06,3.1,725100.0,0.0,0.0,3.04,2.92,2.92,2.48,56.09,0.05
BRX,2020-10-08,12.57,12.69,12.45,12.63,4362400.0,0.0,0.0,12.45,12.14,12.17,13.66,56.11,0.09
ZNGA,2020-10-08,9.64,9.64,9.29,9.3,17288600.0,0.0,0.0,9.41,9.31,8.92,8.04,56.13,0.09
BAC,2020-10-08,24.95,25.3,24.81,25.24,51997700.0,0.0,0.0,24.74,24.29,24.53,26.01,56.18,0.13
PM,2020-10-08,78.93,79.38,77.85,78.33,6433400.0,0.0,0.0,77.13,75.84,76.89,75.3,56.22,0.23
MA,2020-10-08,345.01,347.69,344.24,345.15,1989100.0,0.4,0.0,341.94,339.3,336.47,301.96,56.25,0.81
VICI,2020-10-08,23.89,24.18,23.76,24.02,3504700.0,0.0,0.0,23.88,23.75,23.7,20.93,56.29,0.01
EXEL,2020-10-08,24.19,25.08,23.98,24.8,1370800.0,0.0,0.0,24.17,24.06,24.55,21.62,56.32,-0.08
NBEV,2020-10-08,1.99,2.0,1.9,1.91,1467500.0,0.0,0.0,1.84,1.76,1.76,1.75,56.39,0.04
KSS,2020-10-08,20.87,21.9,20.72,21.89,8067900.0,0.0,0.0,20.64,19.77,20.92,25.92,56.39,0.1
TDOC,2020-10-08,225.28,225.8,219.64,221.48,1256100.0,0.0,0.0,221.05,220.02,210.38,167.76,56.4,1.38
MTCH,2020-10-08,115.95,117.49,113.1,113.45,2589800.0,0.0,0.0,113.43,111.85,109.27,81.07,56.47,0.75
BIDU,2020-10-08,128.7,128.7,126.39,126.75,1339800.0,0.0,0.0,125.85,125.27,124.52,118.06,56.47,0.22
MU,2020-10-08,48.99,50.0,48.22,49.9,14555100.0,0.0,0.0,48.57,48.42,48.92,49.26,56.5,-0.08
CVS,2020-10-08,59.63,60.5,59.33,60.47,4892100.0,0.0,0.0,59.24,58.39,58.14,63.44,56.51,0.46
MCO,2020-10-08,289.22,294.03,289.22,292.14,343800.0,0.0,0.0,290.5,289.22,285.57,260.65,56.53,0.89
HTHT,2020-10-08,44.99,44.99,43.6,44.51,1222600.0,0.0,0.0,44.45,44.07,42.82,35.84,56.6,0.06
HIG,2020-10-08,38.32,39.36,38.05,39.33,2879700.0,0.0,0.0,38.33,37.48,37.28,42.98,56.6,0.41
CNDT,2020-10-08,3.43,3.555,3.41,3.51,1412800.0,0.0,0.0,3.38,3.28,3.34,3.16,56.61,0.01
IGT,2020-10-08,11.85,12.1,11.67,11.96,1932600.0,0.0,0.0,11.7,11.47,11.64,10.03,56.63,0.01
KKR,2020-10-08,35.72,36.11,35.49,36.05,1832500.0,0.0,0.0,35.44,34.95,34.91,30.17,56.66,0.15
HCA,2020-10-08,129.89,132.48,128.95,131.83,1130900.0,0.0,0.0,129.06,125.78,127.51,119.94,56.71,0.81
EXPE,2020-10-08,94.06,96.05,93.02,95.95,1271000.0,0.0,0.0,93.7,92.9,93.79,86.85,56.76,-0.05
LYV,2020-10-08,55.25,56.38,54.64,56.27,1525300.0,0.0,0.0,55.03,54.32,55.09,52.88,56.78,0.02
EPAM,2020-10-08,346.0,348.13,331.5,334.64,387100.0,0.0,0.0,335.29,330.99,325.91,247.18,56.84,0.88
ALGN,2020-10-08,325.59,328.56,321.86,327.57,346100.0,0.0,0.0,322.43,320.76,321.39,259.4,56.85,-0.3
GRUB,2020-10-08,74.47,74.72,73.41,73.88,829200.0,0.0,0.0,73.82,73.27,71.75,58.44,56.88,0.38
CDNS,2020-10-08,109.41,109.55,107.94,109.32,662000.0,0.0,0.0,107.7,106.61,104.31,86.51,56.91,0.71
DVA,2020-10-08,87.65,88.84,87.48,88.6,721500.0,0.0,0.0,86.72,85.3,86.09,80.74,57.0,0.31
AM,2020-10-08,5.78,6.03,5.72,5.95,4322500.0,0.0,0.0,5.68,5.51,5.44,4.82,57.01,0.1
O,2020-10-08,63.07,63.79,62.95,63.75,1865900.0,0.0,0.0,63.01,62.15,62.2,61.62,57.04,0.23
URBN,2020-10-08,24.25,24.5,23.35,23.47,2034400.0,0.0,0.0,23.21,22.27,22.15,20.26,57.07,0.17
ABT,2020-10-08,108.14,109.13,107.42,108.54,4168400.0,0.0,0.0,107.65,106.81,105.94,91.82,57.08,0.18
HCM,2020-10-08,33.65,34.46,33.02,34.1,92500.0,0.0,0.0,33.45,32.82,33.21,25.91,57.08,0.05
CARS,2020-10-08,8.89,9.03,8.76,8.91,408500.0,0.0,0.0,8.74,8.45,8.43,7.78,57.08,0.07
MYL,2020-10-08,15.08,15.76,14.92,15.72,5484500.0,0.0,0.0,15.17,14.87,15.09,17.1,57.11,0.11
CMG,2020-10-08,1287.92,1288.0,1260.0,1281.75,241500.0,0.0,0.0,1267.91,1257.58,1252.17,980.99,57.13,1.71
FLT,2020-10-08,241.41,245.86,241.41,245.12,410100.0,0.0,0.0,241.02,239.3,237.14,253.67,57.15,1.15
LPL,2020-10-08,6.81,6.88,6.77,6.78,531900.0,0.0,0.0,6.65,6.58,6.73,5.54,57.16,-0.04
FFIV,2020-10-08,128.09,128.96,127.42,128.06,650200.0,0.0,0.0,126.21,124.22,122.44,130.6,57.18,1.34
RUN,2020-10-08,77.18,77.4,68.8,70.54,9965400.0,0.0,0.0,75.05,75.05,67.73,27.64,57.22,0.1
UCTT,2020-10-08,23.4,23.59,23.1,23.56,449000.0,0.0,0.0,22.89,22.25,21.36,21.61,57.27,0.44
LKQ,2020-10-08,30.61,30.78,30.12,30.72,1542500.0,0.0,0.0,29.81,28.73,29.52,28.15,57.28,0.24
ANSS,2020-10-08,331.97,334.38,328.82,333.54,328400.0,0.0,0.0,327.34,323.84,318.28,280.27,57.33,1.68
FWONK,2020-10-08,38.11,38.23,37.38,37.59,341700.0,0.0,0.0,37.4,36.73,36.4,35.9,57.38,0.26
BILI,2020-10-08,48.41,48.41,46.0,46.6,2571900.0,0.0,0.0,45.99,43.81,43.6,33.67,57.4,0.62
JBHT,2020-10-08,133.66,135.53,133.5,135.3,519600.0,0.0,0.0,131.98,129.66,130.75,115.25,57.45,0.63
ILMN,2020-10-08,327.78,334.0,322.64,333.78,1363100.0,0.0,0.0,321.99,312.95,309.96,324.5,57.47,5.62
MTDR,2020-10-08,8.85,9.4,8.68,9.4,2477800.0,0.0,0.0,8.81,8.49,8.53,9.18,57.48,0.11
YUM,2020-10-08,94.19,95.43,93.89,95.41,1239100.0,0.0,0.0,93.88,92.76,92.4,89.97,57.51,0.38
GE,2020-10-08,6.36,6.67,6.34,6.65,103014300.0,0.0,0.0,6.4,6.28,6.32,7.98,57.54,0.03
XLNX,2020-10-08,106.4,106.63,105.59,105.99,1082300.0,0.0,0.0,105.01,104.1,102.22,92.89,57.55,0.57
INTU,2020-10-08,336.36,337.76,333.26,334.99,788200.0,0.59,0.0,330.64,326.96,318.96,285.94,57.59,1.88
RH,2020-10-08,378.9,379.55,370.28,376.08,380700.0,0.0,0.0,374.93,373.27,372.81,232.56,57.64,-1.66
BIIB,2020-10-08,287.4,288.44,285.35,286.92,504300.0,0.0,0.0,284.24,282.26,277.94,294.02,57.68,1.33
ABEV,2020-10-08,2.42,2.49,2.4,2.46,19573500.0,0.0,0.0,2.39,2.31,2.34,2.85,57.68,0.02
SCCO,2020-10-08,47.51,47.79,46.87,47.43,451000.0,0.0,0.0,46.57,45.62,45.87,38.3,57.69,0.2
AMTD,2020-10-06,39.97,39.97,39.97,39.97,0.0,0.0,0.0,39.93,39.13,38.67,39.5,57.79,0.2
LLY,2020-10-08,152.4,153.94,150.5,153.5,4684100.0,0.0,0.0,149.01,147.54,148.99,147.15,57.89,0.36
ATUS,2020-10-08,26.7,27.4,26.55,27.31,5215800.0,0.0,0.0,26.71,26.41,26.37,25.6,57.89,0.09
JD,2020-10-08,78.51,78.59,77.1,78.15,10975000.0,0.0,0.0,77.44,76.76,75.84,53.78,57.92,0.03
WMT,2020-10-08,141.51,142.09,141.12,141.36,4885000.0,0.0,0.0,140.92,139.98,138.38,123.77,57.94,0.19
ZION,2020-10-08,32.23,32.33,31.63,32.14,992400.0,0.0,0.0,31.32,30.15,30.3,34.74,57.99,0.42
CTAS,2020-10-08,338.91,340.26,336.12,337.98,353700.0,0.0,0.0,335.48,334.41,328.32,269.39,58.0,0.5
AGNC,2020-10-08,14.07,14.29,14.04,14.22,11408500.0,0.0,0.0,14.05,13.98,14.1,13.75,58.01,-0.01
EQR,2020-10-08,55.18,56.2,55.0,56.19,2096200.0,0.0,0.0,55.07,53.68,53.62,63.46,58.04,0.46
TD,2020-10-08,47.5,47.7,47.21,47.49,4854400.0,0.596,0.0,47.0,46.35,46.3,45.77,58.07,0.2
ARCC,2020-10-08,14.22,14.42,14.22,14.38,1150100.0,0.0,0.0,14.24,14.14,13.99,14.18,58.15,0.06
LVGO,2020-10-08,144.83,144.83,140.79,141.72,795500.0,0.0,0.0,141.47,140.66,134.75,68.37,58.16,0.41
ISBC,2020-10-08,7.99,8.05,7.89,7.89,1077700.0,0.0,0.0,7.73,7.48,7.49,8.87,58.17,0.1
TTM,2020-10-08,9.65,9.67,9.59,9.67,1134100.0,0.0,0.0,9.52,9.21,9.39,8.18,58.23,0.02
DOW,2020-10-08,48.62,49.41,48.48,49.38,2958500.0,0.0,0.0,48.35,47.47,48.28,40.82,58.28,-0.02
DAL,2020-10-08,32.69,33.0,31.92,32.68,18090100.0,0.0,0.0,31.94,31.31,31.55,34.96,58.32,0.06
HPQ,2020-10-08,19.36,19.51,19.27,19.4,8393500.0,0.0,0.0,19.2,19.01,18.93,17.91,58.52,0.04
NICE,2020-10-08,232.5,232.92,230.1,230.3,89200.0,0.0,0.0,230.18,228.39,222.45,184.08,58.52,0.9
COMM,2020-10-08,9.94,9.94,9.78,9.9,1802000.0,0.0,0.0,9.59,9.19,9.19,10.36,58.57,0.14
NFLX,2020-10-08,533.48,535.0,524.15,531.79,5381700.0,0.0,0.0,521.83,509.06,494.55,426.83,58.63,5.22
EPD,2020-10-08,16.46,17.25,16.45,17.14,7103200.0,0.0,0.0,16.54,16.13,16.28,18.98,58.66,0.17
SNPS,2020-10-08,221.43,221.6,218.45,219.03,373800.0,0.0,0.0,216.91,214.61,208.78,171.21,58.67,1.24
TAL,2020-10-08,79.59,79.75,77.93,78.58,1643000.0,0.0,0.0,77.77,76.12,75.24,62.34,58.73,0.56
ISRG,2020-10-08,725.0,728.62,720.12,723.02,370300.0,0.0,0.0,712.18,702.62,690.57,591.46,58.74,4.27
NRG,2020-10-08,31.48,32.41,31.44,32.35,1828800.0,0.0,0.0,31.47,30.73,30.4,33.16,58.76,0.4
IDXX,2020-10-08,388.94,394.39,385.81,393.51,205900.0,0.0,0.0,388.93,387.74,375.54,308.65,58.76,1.9
BEP,2020-10-08,52.78,53.45,50.94,51.27,653700.0,0.0,0.0,52.49,52.16,48.76,39.74,58.8,0.35
PRU,2020-10-08,68.45,69.02,67.79,68.27,1572100.0,0.0,0.0,66.55,64.72,65.57,66.66,58.82,0.46
HIMX,2020-10-08,3.8,3.83,3.7,3.82,860700.0,0.0,0.0,3.69,3.57,3.56,3.57,58.83,0.05
WDAY,2020-10-08,229.23,229.6,222.6,224.04,842800.0,0.0,0.0,222.29,220.18,213.24,177.23,58.86,0.7
IQ,2020-10-08,24.5,24.75,23.69,23.73,3066400.0,0.0,0.0,23.7,23.26,23.09,21.05,58.87,0.03
MMM,2020-10-08,167.3,168.15,166.13,167.71,1902600.0,0.0,0.0,164.65,162.03,163.83,154.85,58.91,0.39
ADI,2020-10-08,119.93,121.1,119.29,120.34,3992900.0,0.0,0.0,118.02,116.81,115.62,111.52,58.99,0.55
HD,2020-10-08,283.84,284.95,281.17,284.52,2255200.0,0.0,0.0,281.07,277.35,276.54,238.55,59.0,1.1
OMC,2020-10-08,52.73,53.21,52.49,53.15,1941100.0,0.0,0.0,51.89,50.63,50.93,58.56,59.0,0.43
ARNC,2020-10-08,21.56,22.08,21.23,21.94,600600.0,0.0,0.0,20.94,19.91,20.06,,59.05,0.23
FOLD,2020-10-08,14.9,14.92,14.42,14.9,1585600.0,0.0,0.0,14.53,14.19,13.97,12.13,59.1,0.14
CY,2020-04-16,23.82,23.82,23.82,23.82,0.0,0.0,0.0,23.79,23.68,23.26,22.88,59.14,0.05
ULTA,2020-10-08,232.56,238.27,231.67,237.42,668200.0,0.0,0.0,231.31,227.3,228.11,227.1,59.17,0.57
KO,2020-10-08,49.71,50.54,49.54,50.46,12143100.0,0.0,0.0,49.68,49.32,49.65,48.75,59.23,-0.01
NYMT,2020-10-08,2.62,2.72,2.61,2.71,4164300.0,0.0,0.0,2.64,2.6,2.58,3.25,59.24,0.01
KAR,2020-10-08,16.4,16.52,16.3,16.47,922700.0,0.0,0.0,15.95,15.2,15.13,16.31,59.31,0.26
FCX,2020-10-08,17.05,17.24,16.76,16.8,16481200.0,0.0,0.0,16.39,15.94,16.03,11.56,59.33,0.04
NLY,2020-10-08,7.3,7.4,7.26,7.38,13404700.0,0.0,0.0,7.27,7.2,7.2,6.96,59.34,0.02
GES,2020-10-08,13.98,14.19,13.48,13.77,666000.0,0.0,0.0,13.39,12.6,12.76,12.7,59.38,0.14
ARMK,2020-10-08,28.31,28.37,27.93,28.28,1480800.0,0.0,0.0,27.77,27.26,27.29,28.58,59.39,0.04
AAP,2020-10-08,157.8,158.5,155.12,157.66,404400.0,0.0,0.0,156.14,154.38,153.33,136.48,59.42,0.67
VER,2020-10-08,6.94,7.03,6.85,7.01,7691300.0,0.0,0.0,6.91,6.73,6.66,6.71,59.44,0.06
GPK,2020-10-08,14.57,14.66,14.39,14.54,2105600.0,0.0,0.0,14.35,14.13,14.01,14.05,59.46,0.1
DXC,2020-10-08,18.77,20.18,18.61,19.99,3843700.0,0.0,0.0,18.82,18.12,18.21,20.37,59.48,0.23
TIGR,2020-10-08,5.25,5.29,5.21,5.25,255100.0,0.0,0.0,5.03,4.83,4.8,4.05,59.48,0.1
SWKS,2020-10-08,151.0,151.66,149.81,151.55,2172700.0,0.0,0.0,149.46,147.11,142.18,119.44,59.52,1.25
MRNA,2020-10-08,73.5,73.76,72.01,72.93,4015300.0,0.0,0.0,71.75,70.84,68.76,49.32,59.62,0.57
IGMS,2020-10-08,73.64,77.05,73.13,75.0,145000.0,0.0,0.0,73.92,74.07,73.05,54.96,59.65,-0.81
WFC,2020-10-08,24.88,25.33,24.67,25.3,26456400.0,0.0,0.0,24.62,24.05,24.21,31.22,59.66,0.17
GGB,2020-10-08,3.97,4.04,3.9,3.97,5710000.0,0.0,0.0,3.87,3.74,3.8,3.33,59.73,0.01
SHOP,2020-10-08,1081.07,1086.77,1056.23,1069.21,1075500.0,0.0,0.0,1055.25,1030.89,972.57,718.23,59.8,15.2
UBER,2020-10-08,37.0,37.83,36.96,37.34,12201800.0,0.0,0.0,36.89,36.43,36.32,32.45,59.81,0.03
AMD,2020-10-08,88.11,88.72,85.95,86.51,54178100.0,0.0,0.0,85.26,83.18,79.96,59.1,59.81,0.86
MPW,2020-10-08,18.4,18.71,18.35,18.7,2394600.0,0.0,0.0,18.47,18.11,17.76,18.61,59.82,0.2
BITA,2020-10-08,15.8,15.85,15.79,15.81,521300.0,0.0,0.0,15.79,15.77,15.76,14.2,59.86,0.0
NUVA,2020-10-08,52.92,54.1,52.43,53.65,748600.0,0.0,0.0,51.17,49.54,50.8,59.69,59.91,0.45
TEAM,2020-10-08,194.52,194.75,188.25,188.78,1223300.0,0.0,0.0,188.59,185.58,179.21,161.4,59.93,1.4
INFN,2020-10-08,6.57,6.9,6.5,6.77,1993400.0,0.0,0.0,6.45,6.22,6.21,6.48,59.94,0.11
SPG,2020-10-08,70.83,71.23,69.4,70.07,3716000.0,1.3,0.0,68.54,66.16,66.19,80.48,59.99,0.59
CL,2020-10-08,78.23,78.84,78.08,78.74,2144500.0,0.0,0.0,78.03,77.32,76.78,72.2,60.03,0.27
DD,2020-10-08,58.33,59.29,58.14,59.27,4741600.0,0.0,0.0,57.31,56.07,56.96,50.48,60.07,0.22
STT,2020-10-08,63.83,65.05,63.47,65.0,1714200.0,0.0,0.0,62.56,60.59,60.75,64.02,60.16,0.77
RY,2020-10-08,73.92,74.28,73.72,74.02,1078100.0,0.0,0.0,72.72,71.5,71.93,69.15,60.17,0.32
NOW,2020-10-08,505.0,505.0,492.0,496.5,823100.0,0.0,0.0,495.25,491.27,475.33,373.01,60.18,1.93
EMR,2020-10-08,69.23,69.58,68.7,69.28,1622300.0,0.0,0.0,67.93,66.38,66.62,62.59,60.19,0.41
SSNC,2020-10-08,63.38,63.51,62.92,63.32,1205800.0,0.0,0.0,62.69,61.81,61.16,57.05,60.24,0.31
IPG,2020-10-08,18.14,18.42,17.97,18.34,2813100.0,0.0,0.0,17.8,17.29,17.36,18.13,60.26,0.18
BSBR,2020-10-08,5.05,5.5,5.05,5.47,1098100.0,0.0,0.0,5.17,5.01,5.09,6.39,60.27,0.04
BMY,2020-10-08,60.85,62.09,60.46,61.62,11786500.0,0.0,0.0,60.06,59.51,59.04,59.52,60.3,0.28
UNM,2020-10-08,19.13,19.26,18.79,19.0,1809300.0,0.0,0.0,18.44,17.63,17.69,18.95,60.32,0.24
HGV,2020-10-08,23.11,23.11,22.47,22.91,707000.0,0.0,0.0,22.33,21.77,21.6,23.07,60.32,0.18
HWM,2020-10-08,18.24,18.79,18.18,18.73,1472500.0,0.0,0.0,18.08,17.55,17.59,19.21,60.45,0.13
MFA,2020-10-08,2.79,2.89,2.78,2.86,3809100.0,0.0,0.0,2.8,2.75,2.74,3.51,60.46,0.01
RCL,2020-10-08,68.81,69.36,67.25,69.29,4735100.0,0.0,0.0,67.29,65.94,65.77,66.47,60.46,0.2
CAG,2020-10-08,37.43,37.73,37.09,37.25,1817300.0,0.0,0.0,36.95,36.31,35.48,33.27,60.47,0.34
TRGP,2020-10-08,16.39,17.16,16.05,17.1,2465100.0,0.0,0.0,15.96,15.0,14.99,20.76,60.57,0.4
TRV,2020-10-08,114.85,116.95,114.35,115.62,734400.0,0.0,0.0,112.81,110.32,110.73,113.77,60.58,0.81
ARR,2020-10-08,9.87,10.08,9.86,10.0,1246900.0,0.0,0.0,9.83,9.67,9.66,11.25,60.59,0.04
HST,2020-10-08,11.76,11.88,11.6,11.85,10669900.0,0.0,0.0,11.5,11.17,11.15,12.55,60.6,0.11
HLT,2020-10-08,92.28,92.93,91.14,92.54,2202500.0,0.0,0.0,90.51,88.52,88.47,85.76,60.62,0.43
GS,2020-10-08,205.15,208.16,204.11,207.98,2329000.0,0.0,0.0,203.52,200.47,198.11,199.84,60.62,1.42
CIM,2020-10-08,8.69,8.93,8.65,8.91,2588100.0,0.0,0.0,8.67,8.51,8.49,11.29,60.63,0.05
WUBA,2020-09-17,55.78,55.94,55.59,55.88,8783130.0,0.0,0.0,55.75,55.71,55.69,55.57,60.63,-0.02
INVH,2020-10-08,29.25,29.9,29.23,29.87,2527300.0,0.0,0.0,29.37,28.82,28.47,27.21,60.64,0.22
LB,2020-10-08,33.56,33.66,32.38,32.58,5711200.0,0.0,0.0,32.61,32.15,30.88,19.92,60.69,0.07
ROST,2020-10-08,97.27,98.03,96.2,97.86,904900.0,0.0,0.0,96.33,94.23,92.89,96.04,60.77,0.67
BSX,2020-10-08,40.25,40.57,40.19,40.49,4484000.0,0.0,0.0,39.68,38.75,39.01,38.1,60.79,0.23
QCOM,2020-10-08,124.0,124.43,121.84,122.34,4751000.0,0.0,0.0,120.8,118.84,116.03,89.77,60.86,0.58
AVB,2020-10-08,157.96,160.82,157.35,160.1,716100.0,0.0,0.0,157.81,154.27,151.54,167.61,60.86,1.32
VTR,2020-10-08,44.29,45.06,43.99,45.05,1846100.0,0.0,0.0,44.23,43.33,42.93,40.15,60.87,0.2
TJX,2020-10-08,58.25,58.6,57.63,58.3,4445300.0,0.0,0.0,57.57,56.41,55.68,54.12,60.97,0.37
GO,2020-10-08,41.77,42.25,41.72,42.18,489100.0,0.0,0.0,41.37,40.19,39.53,36.61,60.97,0.49
OTIS,2020-10-08,64.79,65.51,64.48,64.71,1213200.0,0.0,0.0,64.2,63.25,61.88,,61.03,0.42
NVDA,2020-10-08,563.0,563.38,550.32,553.55,9443900.0,0.0,0.0,548.24,538.09,518.69,351.2,61.03,3.27
DHI,2020-10-08,76.65,77.92,76.62,77.71,1785500.0,0.0,0.0,76.38,75.57,74.14,56.63,61.07,0.21
TWO,2020-10-08,5.32,5.45,5.29,5.44,2848800.0,0.0,0.0,5.28,5.18,5.11,7.24,61.08,0.05
ARI,2020-10-08,9.21,9.56,9.21,9.52,1105500.0,0.0,0.0,9.31,9.18,8.93,10.31,61.13,0.07
NCLH,2020-10-08,18.32,18.44,17.7,18.2,17374400.0,0.0,0.0,17.65,17.2,16.77,24.14,61.14,0.16
PLAN,2020-10-08,63.04,63.14,62.09,62.25,1025600.0,0.0,0.0,62.27,62.47,60.49,48.33,61.14,-0.24
SID,2020-10-08,3.19,3.23,3.16,3.19,1901500.0,0.0,0.0,3.14,3.0,3.02,2.33,61.15,0.01
MET,2020-10-08,39.49,40.07,39.42,39.85,4693900.0,0.0,0.0,38.87,37.84,37.79,38.6,61.17,0.3
ITW,2020-10-08,200.25,201.27,197.72,200.98,667700.0,0.0,0.0,197.95,195.03,194.93,173.23,61.18,0.67
ITW,2020-10-08,200.25,201.27,197.72,200.98,667700.0,0.0,0.0,197.95,195.03,194.93,173.23,61.18,0.67
QTWO,2020-10-08,99.47,99.47,97.59,97.86,992400.0,0.0,0.0,96.24,94.11,91.67,83.02,61.19,0.95
AEO,2020-10-08,15.91,16.0,15.34,15.46,3306900.0,0.0,0.0,15.32,14.98,14.71,11.47,61.22,0.01
UNP,2020-10-08,204.89,205.5,201.56,203.78,1719200.0,0.0,0.0,201.6,199.14,198.64,170.29,61.24,0.26
LEN,2020-10-08,81.35,84.04,81.35,84.01,2375000.0,0.0,0.0,82.16,81.19,79.55,61.96,61.24,0.24
MOS,2020-10-08,19.83,20.2,19.29,19.72,3829600.0,0.0,0.0,19.25,18.7,18.55,15.27,61.26,0.08
LMND,2020-10-08,54.7,60.12,54.51,60.1,1544100.0,0.0,0.0,55.11,52.47,51.56,,61.26,1.25
PBCT,2020-10-08,11.03,11.1,10.91,11.03,3036700.0,0.0,0.0,10.81,10.49,10.39,12.22,61.26,0.12
HEI,2020-10-08,111.87,112.09,110.66,111.78,213800.0,0.0,0.0,108.87,106.52,107.39,102.09,61.34,0.43
AVGO,2020-10-08,369.89,374.29,368.31,373.33,1703600.0,0.0,0.0,367.49,364.83,361.38,295.93,61.35,-0.1
RRC,2020-10-08,7.9,8.1,7.73,8.09,5087500.0,0.0,0.0,7.51,7.09,7.28,5.39,61.35,0.1
JBLU,2020-10-08,12.62,12.93,12.32,12.75,12317000.0,0.0,0.0,12.14,11.78,12.0,12.66,61.36,0.04
HPE,2020-10-08,9.8,10.07,9.8,9.99,14149100.0,0.0,0.0,9.73,9.51,9.42,10.66,61.36,0.08
NTRS,2020-10-08,82.59,84.49,82.02,84.25,532800.0,0.0,0.0,81.59,79.35,79.45,82.87,61.37,0.66
CARR,2020-10-08,32.31,32.47,31.63,31.95,2273800.0,0.0,0.0,31.7,31.19,30.52,,61.48,0.13
SCHW,2020-10-08,37.83,37.95,37.44,37.74,10817500.0,0.0,0.0,37.34,36.78,36.02,37.47,61.49,0.2
UXIN,2020-10-08,1.17,1.18,1.05,1.1,2632500.0,0.0,0.0,1.0,0.93,0.93,1.58,61.54,0.02
CI,2020-10-08,176.4,178.15,175.13,177.87,1144400.0,0.0,0.0,173.68,169.23,167.68,186.47,61.66,1.87
HLF,2020-10-08,50.66,51.36,50.0,50.87,725400.0,0.0,0.0,50.06,48.69,48.63,42.17,61.66,0.39
NVR,2020-10-08,4243.81,4376.78,4208.82,4348.4,14900.0,0.0,0.0,4230.3,4143.51,4089.21,3534.78,61.66,26.13
CRSP,2020-10-08,100.0,100.0,94.26,95.39,1216500.0,0.0,0.0,91.37,86.7,85.76,67.08,61.71,1.45
CRWD,2020-10-08,146.45,146.46,141.53,142.97,3435200.0,0.0,0.0,143.08,140.78,136.92,85.59,61.71,-0.03
BBY,2020-10-08,115.13,115.65,113.91,114.92,1523300.0,0.0,0.0,113.85,112.02,109.28,85.89,61.71,0.62
CGNX,2020-10-08,68.35,68.88,67.88,68.38,495300.0,0.0,0.0,67.06,65.47,63.91,56.63,61.82,0.72
GDS,2020-10-08,88.35,89.22,85.65,86.02,543200.0,0.0,0.0,85.41,83.31,80.13,66.24,61.82,0.94
PD,2020-10-08,29.88,30.24,29.43,29.67,938000.0,0.0,0.0,28.8,27.9,26.52,24.62,61.83,0.5
MELI,2020-10-08,1158.54,1173.43,1150.72,1160.37,448200.0,0.0,0.0,1124.72,1100.28,1060.61,822.75,61.83,14.0
CRM,2020-10-08,264.2,264.62,257.08,260.22,4147600.0,0.0,0.0,255.54,251.14,247.85,187.98,61.84,0.28
BSMX,2020-10-08,3.26,3.45,3.21,3.44,405200.0,0.0,0.0,3.29,3.21,3.2,4.27,61.85,0.04
IMGN,2020-10-08,4.36,4.36,4.26,4.3,1275000.0,0.0,0.0,4.2,3.93,3.93,4.24,61.86,0.08
WY,2020-10-08,29.71,30.28,29.55,30.26,3055800.0,0.0,0.0,29.52,28.86,28.42,24.86,61.89,0.23
CG,2020-10-08,26.33,26.71,26.09,26.7,897100.0,0.0,0.0,25.96,25.23,25.05,26.85,61.89,0.31
H,2020-10-08,57.3,59.18,57.23,59.01,760800.0,0.0,0.0,56.57,54.81,55.57,61.25,61.89,0.35
IIPR,2020-10-08,131.3,132.25,128.51,129.78,978900.0,0.0,0.0,127.69,125.94,124.02,91.52,61.98,0.28
UNIT,2020-10-08,10.55,10.7,10.4,10.46,2656400.0,0.0,0.0,10.41,10.32,9.88,8.14,62.01,0.07
AIG,2020-10-08,29.81,30.48,29.35,30.26,5610700.0,0.0,0.0,29.29,28.33,28.14,33.1,62.02,0.37
OKE,2020-10-08,28.08,29.44,27.68,29.41,4540200.0,0.0,0.0,27.85,26.74,26.6,38.88,62.07,0.4
AXP,2020-10-08,104.33,106.14,104.06,106.06,2922600.0,0.43,0.0,103.18,100.73,101.11,101.8,62.1,0.56
TEVA,2020-10-08,9.7,10.01,9.66,9.94,7812800.0,0.0,0.0,9.49,9.15,9.07,10.65,62.11,0.18
X,2020-10-08,8.55,8.76,8.41,8.53,9340600.0,0.0,0.0,8.12,7.7,7.69,7.99,62.12,0.11
IP,2020-10-08,41.81,42.51,41.79,42.49,2069100.0,0.0,0.0,41.55,41.0,40.93,36.25,62.12,0.0
JPM,2020-10-08,100.51,101.92,99.9,101.78,15645900.0,0.0,0.0,99.3,96.94,96.74,103.33,62.13,0.77
DELL,2020-10-08,67.5,69.22,67.44,68.66,2481000.0,0.0,0.0,67.89,67.56,66.95,51.08,62.17,-0.06
DELL,2020-10-08,67.5,69.22,67.44,68.66,2481000.0,0.0,0.0,67.89,67.56,66.95,51.08,62.17,-0.06
LOW,2020-10-08,169.49,171.61,168.24,170.87,3102800.0,0.0,0.0,168.08,165.68,164.09,126.55,62.19,0.55
PNC,2020-10-08,115.8,117.03,115.1,116.54,2514100.0,0.0,0.0,114.19,111.11,110.24,115.08,62.23,0.94
BX,2020-10-08,54.91,55.43,54.77,55.09,1869300.0,0.0,0.0,54.29,53.38,52.67,53.34,62.24,0.4
MDT,2020-10-08,110.0,110.0,107.73,107.8,5617000.0,0.0,0.0,105.25,103.82,104.42,100.11,62.28,0.15
MXIM,2020-10-08,70.3,71.7,70.3,71.44,5186800.0,0.0,0.0,69.44,68.2,67.11,59.89,62.37,0.51
COLD,2020-10-08,37.49,38.01,37.36,37.98,1319200.0,0.0,0.0,37.32,36.58,36.17,34.83,62.4,0.34
GNTX,2020-10-08,27.28,27.4,27.05,27.23,1181200.0,0.12,0.0,26.71,26.1,26.05,26.27,62.46,0.21
EL,2020-10-08,222.24,224.81,221.3,224.21,778200.0,0.0,0.0,221.07,218.77,215.93,193.26,62.51,0.68
HUM,2020-10-08,430.1,434.07,425.51,427.32,452400.0,0.0,0.0,421.45,413.12,403.65,371.75,62.59,3.6
ZM,2020-10-08,484.0,489.49,475.58,478.55,4178600.0,0.0,0.0,479.66,480.78,459.59,205.72,62.6,-5.2
TWTR,2020-10-08,46.44,46.62,45.78,46.01,11352900.0,0.0,0.0,45.91,45.48,43.09,34.0,62.62,0.18
BIPC,2020-10-08,58.5,58.78,56.56,56.96,233100.0,0.0,0.0,56.71,56.05,55.28,,62.69,0.05
NIO,2020-10-08,22.05,22.45,21.29,21.44,77455900.0,0.0,0.0,21.23,20.74,19.74,8.18,62.71,0.06
SMAR,2020-10-08,52.35,52.92,51.09,52.79,791300.0,0.0,0.0,51.14,50.25,48.59,48.17,62.76,0.42
SQM,2020-10-08,35.22,36.41,35.13,35.43,1710400.0,0.38,0.0,34.35,32.66,32.45,27.1,62.77,0.43
LRCX,2020-10-08,348.37,355.67,347.0,355.43,1192200.0,0.0,0.0,345.17,338.6,323.99,300.7,62.78,4.59
NRZ,2020-10-08,8.25,8.46,8.25,8.42,3611100.0,0.0,0.0,8.23,8.06,7.86,9.33,62.88,0.07
UA,2020-10-08,10.69,11.01,10.66,10.96,2924600.0,0.0,0.0,10.58,10.27,10.15,10.93,62.89,0.08
FSK,2020-10-08,16.29,16.44,16.29,16.38,296400.0,0.0,0.0,16.28,16.15,15.94,15.86,62.9,0.04
TW,2020-10-08,57.13,59.27,56.66,59.14,735100.0,0.0,0.0,57.76,57.5,55.66,52.72,62.92,0.31
VMW,2020-10-08,148.95,151.3,148.01,150.25,1043200.0,0.0,0.0,147.36,145.18,143.37,139.56,62.93,0.78
HBAN,2020-10-08,9.95,10.06,9.86,10.03,5630300.0,0.0,0.0,9.72,9.38,9.39,9.95,62.96,0.1
ORCL,2020-10-08,60.79,61.3,60.63,60.89,7201500.0,0.0,0.0,60.08,59.57,59.54,53.53,62.97,-0.01
AMRX,2020-10-08,4.45,4.73,4.387,4.53,2024800.0,0.0,0.0,4.29,4.08,4.1,4.22,63.02,0.05
HOLX,2020-10-08,69.32,69.44,68.02,68.29,1632600.0,0.0,0.0,67.82,66.84,64.84,53.81,63.02,0.48
UNH,2020-10-08,323.43,325.35,320.99,322.41,2056700.0,0.0,0.0,318.34,312.49,307.0,288.62,63.04,2.46
WTM,2020-10-08,875.29,876.72,862.21,862.21,10200.0,0.0,0.0,836.95,802.9,803.28,933.58,63.09,12.31
BHC,2020-10-08,17.06,18.34,16.99,18.04,11477900.0,0.0,0.0,16.54,15.83,16.04,19.77,63.1,0.21
KTOS,2020-10-08,20.73,21.11,20.48,21.01,636100.0,0.0,0.0,20.28,19.73,19.91,17.35,63.11,0.1
FCAU,2020-10-08,12.48,12.64,12.48,12.61,1750600.0,0.0,0.0,12.46,12.31,12.26,10.31,63.17,0.01
PLNT,2020-10-08,65.51,66.25,65.3,65.88,980000.0,0.0,0.0,64.09,62.36,60.62,62.7,63.24,0.52
BK,2020-10-08,36.61,37.21,36.47,37.18,3641300.0,0.0,0.0,35.98,34.91,34.81,38.09,63.26,0.39
AFL,2020-10-08,38.21,38.6,37.93,38.24,2320000.0,0.0,0.0,37.61,36.86,36.77,39.17,63.33,0.2
SKX,2020-10-08,33.34,33.97,33.3,33.57,1427000.0,0.0,0.0,32.59,31.34,31.19,31.32,63.37,0.31
SKX,2020-10-08,33.34,33.97,33.3,33.57,1427000.0,0.0,0.0,32.59,31.34,31.19,31.32,63.37,0.31
SHAK,2020-10-08,67.5,71.09,66.7,70.89,1269600.0,0.0,0.0,67.7,66.47,67.22,56.34,63.37,-0.17
ZBRA,2020-10-08,277.73,281.4,277.73,279.09,221300.0,0.0,0.0,271.77,264.03,258.34,244.04,63.4,3.49
BDC,2020-10-08,34.09,34.16,33.63,34.12,169400.0,0.0,0.0,33.06,31.96,31.62,37.48,63.42,0.45
PGR,2020-10-08,96.79,98.02,96.31,97.97,1393000.0,0.0,0.0,96.18,94.78,94.79,81.64,63.44,0.19
APH,2020-10-08,113.53,114.55,113.17,113.5,703600.0,0.0,0.0,111.73,109.81,108.03,97.0,63.44,0.71
TXN,2020-10-08,146.83,148.31,146.56,148.06,2321900.0,0.0,0.0,145.52,143.33,140.75,123.86,63.49,0.75
UAA,2020-10-08,12.25,12.65,12.22,12.6,6376800.0,0.0,0.0,12.14,11.74,11.6,12.24,63.59,0.08
CAT,2020-10-08,155.75,156.73,154.24,156.66,1842900.0,0.0,0.0,153.5,150.33,149.93,128.97,63.62,0.51
WRK,2020-10-08,37.29,37.88,36.88,37.77,1644900.0,0.0,0.0,36.68,35.67,35.26,31.75,63.66,0.14
KEYS,2020-10-08,101.4,103.39,101.4,103.18,1044200.0,0.0,0.0,100.88,99.6,98.02,97.36,63.68,0.57
PAYX,2020-10-08,82.0,83.5,81.56,82.07,1855700.0,0.0,0.0,80.69,79.85,78.71,74.24,63.71,0.23
SFIX,2020-10-08,29.9,31.95,29.65,31.21,4336400.0,0.0,0.0,29.43,28.15,28.16,22.67,63.72,0.19
WORK,2020-10-08,29.62,30.06,29.53,29.99,6982700.0,0.0,0.0,28.96,28.0,26.96,27.77,63.72,0.48
GT,2020-10-08,9.58,9.65,9.25,9.62,4065600.0,0.0,0.0,9.1,8.4,8.53,9.37,63.73,0.22
NWL,2020-10-08,17.8,18.11,17.76,18.1,1460000.0,0.0,0.0,17.66,17.33,17.39,15.62,63.77,0.06
PCAR,2020-10-08,89.61,89.96,88.0,89.94,779500.0,0.0,0.0,88.41,86.66,85.35,75.09,63.78,0.67
NTAP,2020-10-08,44.42,46.29,44.42,46.26,2943200.0,0.48,0.0,44.22,43.24,42.97,45.32,63.86,0.32
MCHP,2020-10-08,109.79,111.82,109.3,111.58,1784200.0,0.0,0.0,108.2,105.26,103.04,96.15,63.88,1.15
FLR,2020-10-08,10.98,11.08,10.64,11.03,3712700.0,0.0,0.0,10.28,9.65,9.33,11.72,63.91,0.27
ZS,2020-10-08,149.35,150.41,146.96,147.66,1524000.0,0.0,0.0,145.82,143.04,137.6,90.32,63.92,1.01
ANET,2020-10-08,221.0,228.74,219.48,222.49,1155300.0,0.0,0.0,212.8,208.13,204.91,214.29,63.97,2.46
INTC,2020-10-08,52.91,53.58,52.67,53.37,22341000.0,0.0,0.0,52.33,51.67,50.68,56.37,63.98,0.33
A,2020-10-08,104.2,104.39,103.13,104.16,765300.0,0.0,0.0,102.78,101.13,99.84,86.5,63.98,0.51
PHM,2020-10-08,48.17,49.29,47.99,48.97,2686400.0,0.0,0.0,47.62,46.68,45.9,37.33,64.1,0.27
F,2020-10-08,7.29,7.35,7.2,7.35,54470200.0,0.0,0.0,7.12,6.87,6.92,6.66,64.1,0.05
CFG,2020-10-08,28.41,28.63,27.96,28.56,2483200.0,0.0,0.0,27.54,26.28,26.25,26.62,64.11,0.32
DDOG,2020-10-08,105.26,105.95,101.81,102.66,2878400.0,0.0,0.0,103.03,100.09,93.88,63.87,64.16,1.18
SRE,2020-10-08,123.49,127.21,123.18,126.71,1026100.0,0.0,0.0,123.09,120.19,118.73,127.24,64.34,1.19
ODP,2020-10-08,22.9,23.25,22.59,23.21,503000.0,0.0,0.0,22.15,20.54,20.66,21.89,64.4,0.45
JMIA,2020-10-08,9.08,10.64,8.72,10.52,35341600.0,0.0,0.0,8.96,8.29,8.1,6.64,64.45,0.33
TXMD,2020-10-08,1.69,1.81,1.69,1.76,3016300.0,0.0,0.0,1.67,1.6,1.49,1.6,64.46,0.04
SBUX,2020-10-08,88.46,89.61,88.41,89.53,4953400.0,0.0,0.0,88.11,86.79,86.07,78.52,64.51,0.2
VEEV,2020-10-08,290.0,290.9,284.03,290.75,550700.0,0.0,0.0,285.38,281.31,275.04,204.25,64.53,1.34
FOXA,2020-10-08,29.25,29.57,28.92,29.56,2509300.0,0.0,0.0,28.75,28.14,27.92,28.7,64.53,0.15
FSLR,2020-10-08,80.5,80.6,76.5,77.12,3178700.0,0.0,0.0,74.28,69.7,67.77,53.64,64.6,1.6
BAM,2020-10-08,35.44,35.83,35.17,35.54,2496000.0,0.0,0.0,34.63,33.82,33.39,34.74,64.61,0.29
XEL,2020-10-08,72.43,72.73,72.05,72.51,1899600.0,0.0,0.0,71.72,70.44,69.29,64.88,64.63,0.49
PLD,2020-10-08,105.83,109.11,105.45,106.84,2382500.0,0.0,0.0,105.05,102.66,100.94,91.6,64.65,0.9
KEY,2020-10-08,13.23,13.4,13.06,13.31,7031600.0,0.0,0.0,12.86,12.36,12.31,13.26,64.65,0.14
IBKR,2020-10-08,51.08,51.52,50.6,51.43,388700.0,0.0,0.0,50.28,49.15,48.39,46.63,64.66,0.47
ZBH,2020-10-08,146.43,147.62,145.36,146.66,793100.0,0.0,0.0,142.91,138.96,138.71,129.8,64.71,1.02
ALXN,2020-10-08,125.64,126.73,121.64,123.14,2778500.0,0.0,0.0,119.86,116.16,114.32,104.64,64.72,0.85
SWN,2020-10-08,2.83,2.94,2.75,2.89,13692900.0,0.0,0.0,2.68,2.51,2.48,2.42,64.76,0.06
SPLK,2020-10-08,206.8,210.61,206.3,209.05,2038900.0,0.0,0.0,201.59,194.28,187.5,168.94,64.76,3.38
TMO,2020-10-08,454.76,454.76,447.17,453.54,830100.0,0.0,0.0,448.13,440.23,434.64,356.71,64.78,2.09
CX,2020-10-08,3.94,4.09,3.9,4.09,9236700.0,0.0,0.0,3.92,3.8,3.79,3.05,64.8,0.02
NYT,2020-10-08,45.69,45.96,45.39,45.56,1109200.0,0.0,0.0,45.06,43.8,43.02,38.16,64.85,0.47
SIRI,2020-10-08,5.91,5.98,5.76,5.96,33304700.0,0.0,0.0,5.73,5.52,5.39,5.96,64.86,0.1
XGN,2020-10-08,13.85,14.5,13.61,14.17,13000.0,0.0,0.0,12.89,11.75,11.89,15.57,64.92,0.36
COTY,2020-10-08,3.53,3.82,3.44,3.74,32213800.0,0.0,0.0,3.29,2.97,3.05,5.99,64.94,0.11
HUBS,2020-10-08,311.83,311.83,302.36,309.73,432600.0,0.0,0.0,300.42,296.38,288.03,204.87,65.04,1.19
DAN,2020-10-08,15.67,16.22,14.97,15.03,1669700.0,0.0,0.0,14.21,13.28,13.16,12.72,65.04,0.29
HON,2020-10-08,172.38,173.87,171.48,173.78,1977400.0,0.0,0.0,169.9,166.55,165.97,153.52,65.19,0.7
DRE,2020-10-08,39.19,39.7,39.11,39.67,1327900.0,0.0,0.0,38.94,37.98,37.41,35.13,65.2,0.37
IBN,2020-10-08,10.74,10.9,10.7,10.81,8090800.0,0.0,0.0,10.52,10.19,10.03,10.78,65.27,0.12
CMA,2020-10-08,43.75,43.82,42.65,43.1,1334300.0,0.0,0.0,41.79,39.86,39.52,41.71,65.33,0.55
SNAP,2020-10-08,27.0,27.14,26.81,27.05,9751900.0,0.0,0.0,26.8,26.39,25.44,19.01,65.35,0.11
DLR,2020-10-08,153.26,158.0,153.14,156.85,1000800.0,0.0,0.0,152.94,149.33,146.85,137.6,65.43,1.49
BG,2020-10-08,49.42,49.43,48.66,49.02,1524000.0,0.0,0.0,48.04,46.86,46.47,43.76,65.5,0.32
MTD,2020-10-08,1015.45,1024.92,1011.86,1012.08,92200.0,0.0,0.0,998.43,982.33,979.19,812.08,65.51,2.93
HOG,2020-10-08,28.28,29.41,28.16,28.98,2909100.0,0.0,0.0,27.32,25.61,25.56,26.46,65.52,0.55
FIT,2020-10-08,6.91,6.96,6.86,6.87,4041500.0,0.0,0.0,6.88,6.85,6.62,6.51,65.52,0.03
SEB,2020-10-08,2997.0,3060.0,2960.3,3060.0,600.0,0.0,0.0,2982.73,2917.3,2899.9,3173.03,65.56,16.56
TV,2020-10-08,6.73,7.18,6.7,7.15,1296600.0,0.0,0.0,6.68,6.38,6.45,7.21,65.65,0.06
MCD,2020-10-08,226.09,227.08,224.29,225.8,3194100.0,0.0,0.0,224.63,222.13,220.69,194.27,65.67,0.26
TSG,2020-05-07,27.31,27.31,27.31,27.31,0.0,0.0,0.0,27.31,26.96,24.96,20.89,65.72,0.14
PG,2020-10-08,140.56,141.93,140.36,141.65,4569800.0,0.0,0.0,140.25,139.06,138.32,122.81,65.81,0.21
HBI,2020-10-08,16.82,17.07,16.72,16.97,3637600.0,0.0,0.0,16.64,16.17,15.94,12.42,65.82,0.11
PBI,2020-10-08,6.23,6.31,6.02,6.13,1462200.0,0.0,0.0,5.87,5.58,5.47,3.54,65.82,0.08
PBI,2020-10-08,6.23,6.31,6.02,6.13,1462200.0,0.0,0.0,5.87,5.58,5.47,3.54,65.82,0.08
TSM,2020-10-08,88.86,88.86,86.52,87.8,10914300.0,0.0,0.0,85.23,82.6,81.61,61.18,65.87,0.63
CTSH,2020-10-08,72.5,73.45,72.23,72.91,2312700.0,0.0,0.0,71.33,69.99,69.34,59.58,65.92,0.32
PINS,2020-10-08,44.05,44.09,43.07,43.61,7730600.0,0.0,0.0,43.29,42.53,39.97,24.39,66.02,0.21
DNKN,2020-10-08,82.89,83.64,82.18,83.25,616100.0,0.0,0.0,82.39,82.04,79.51,68.14,66.03,0.1
NUE,2020-10-08,48.93,49.49,48.68,49.44,1719400.0,0.0,0.0,47.88,46.37,46.29,42.68,66.07,0.34
AXTA,2020-10-08,25.78,26.21,25.42,25.45,2890600.0,0.0,0.0,24.77,23.63,23.53,23.29,66.08,0.33
COF,2020-10-08,78.59,80.39,77.56,80.28,2039400.0,0.0,0.0,77.42,74.31,73.39,72.75,66.14,0.72
USB,2020-10-08,39.0,39.66,38.79,39.5,6986300.0,0.0,0.0,38.17,36.78,36.5,39.54,66.2,0.41
WEN,2020-10-08,23.38,23.87,23.38,23.79,1854600.0,0.0,0.0,23.3,22.78,22.02,20.57,66.21,0.24
D,2020-10-08,81.18,82.97,80.84,82.06,3108300.0,0.0,0.0,80.83,79.38,79.12,78.67,66.31,0.42
EQH,2020-10-08,20.38,21.15,20.3,21.14,4672200.0,0.0,0.0,19.97,19.06,18.88,19.78,66.33,0.34
SE,2020-10-08,170.49,172.0,168.15,169.29,3369000.0,0.0,0.0,164.22,159.75,153.99,85.75,66.42,1.14
Z,2020-10-08,106.62,106.78,104.05,105.04,2325500.0,0.0,0.0,105.55,104.68,99.34,59.3,66.45,-0.03
MSI,2020-10-08,161.68,163.71,161.68,162.77,682900.0,0.0,0.0,159.61,157.63,156.43,150.92,66.48,0.29
NET,2020-10-08,44.52,44.6,42.97,43.41,3331100.0,0.0,0.0,42.74,41.83,39.5,28.79,66.55,0.46
AR,2020-10-08,3.47,3.67,3.41,3.65,8236900.0,0.0,0.0,3.29,3.02,2.99,2.52,66.59,0.09
ATHM,2020-10-08,99.78,100.25,98.8,99.79,165500.0,0.0,0.0,98.2,95.65,94.37,81.6,66.66,0.51
NEE,2020-10-08,298.67,301.98,296.93,301.04,1423000.0,0.0,0.0,293.33,286.69,283.23,254.39,66.69,2.04
ZEN,2020-10-08,109.58,109.8,107.11,107.83,1257000.0,0.0,0.0,106.49,104.17,100.59,83.48,66.72,0.68
ADP,2020-10-08,145.21,147.32,144.91,147.01,1975800.0,0.0,0.0,143.12,139.92,137.02,146.74,66.78,1.39
CBRE,2020-10-08,49.21,51.0,49.05,50.99,1003300.0,0.0,0.0,49.22,48.0,47.82,48.31,66.78,0.28
FLEX,2020-10-08,12.09,12.26,12.02,12.19,1326600.0,0.0,0.0,11.82,11.36,11.08,10.7,66.79,0.15
CHGG,2020-10-08,80.04,81.17,78.79,79.94,1497800.0,0.0,0.0,77.27,74.13,70.47,55.75,66.82,1.46
SWK,2020-10-08,173.0,174.52,171.93,173.59,757900.0,0.0,0.0,169.67,165.69,162.84,140.22,66.91,1.21
SYK,2020-10-08,218.0,220.1,216.81,219.09,1125600.0,0.0,0.0,214.61,210.23,207.8,191.37,66.95,0.91
WB,2020-10-08,41.73,42.45,41.18,41.4,591300.0,0.0,0.0,40.28,37.71,36.51,37.61,67.03,0.74
ETSY,2020-10-08,145.0,145.15,139.16,139.54,3198800.0,0.0,0.0,136.68,130.36,121.59,81.11,67.05,2.69
BEN,2020-10-08,22.22,22.7,22.17,22.32,6786300.0,0.0,0.0,21.41,20.63,20.33,20.49,67.09,0.28
CNC,2020-10-08,65.0,65.26,63.84,64.68,2137800.0,0.0,0.0,62.79,59.77,58.58,62.64,67.12,1.14
VGR,2020-10-08,10.79,10.91,10.66,10.83,430200.0,0.0,0.0,10.48,10.09,9.98,10.6,67.14,0.11
SYF,2020-10-08,28.57,29.19,28.39,29.15,3265700.0,0.0,0.0,28.12,27.01,26.66,24.35,67.19,0.25
PSA,2020-10-08,230.84,233.1,230.31,232.02,596800.0,0.0,0.0,229.68,226.26,222.89,201.29,67.29,0.54
HUN,2020-10-08,24.2,24.46,23.96,24.38,781100.0,0.0,0.0,23.65,22.78,22.64,18.95,67.42,0.17
CROX,2020-10-08,47.79,48.0,46.8,47.05,596100.0,0.0,0.0,46.49,44.87,43.82,33.01,67.48,0.35
CLF,2020-10-08,7.8,7.92,7.69,7.72,11446700.0,0.0,0.0,7.4,6.92,6.6,5.8,67.51,0.15
CC,2020-10-08,23.1,23.69,23.01,23.58,930600.0,0.0,0.0,22.53,21.41,21.19,15.41,67.57,0.27
NAVI,2020-10-08,9.16,9.45,9.13,9.44,1382600.0,0.0,0.0,9.02,8.65,8.4,8.98,67.59,0.13
AOS,2020-10-08,54.46,57.01,54.15,56.75,2232600.0,0.0,0.0,54.85,53.87,52.78,45.49,67.62,0.24
XRX,2020-10-08,20.43,20.62,19.98,20.16,2395700.0,0.0,0.0,19.76,19.08,18.75,21.72,67.7,0.18
BIO,2020-10-08,549.95,551.14,540.76,551.1,95500.0,0.0,0.0,537.79,524.06,517.25,440.25,67.72,4.17
TCOM,2020-10-08,32.97,33.1,32.57,32.74,2550700.0,0.0,0.0,32.06,31.54,30.13,28.51,67.76,0.28
HOME,2020-10-08,19.35,19.67,18.77,19.22,2875700.0,0.0,0.0,18.09,16.34,15.71,7.71,67.8,0.51
STLD,2020-10-08,32.2,32.94,31.9,32.84,2339800.0,0.0,0.0,31.45,30.11,29.94,26.84,67.98,0.33
DHR,2020-10-08,222.66,222.87,219.94,220.71,2150700.0,0.0,0.0,218.72,214.98,210.59,172.37,68.08,1.24
BLK,2020-10-08,595.36,606.21,594.34,604.44,538100.0,0.0,0.0,587.61,572.05,560.07,518.97,68.17,6.27
ADM,2020-10-08,48.52,48.86,48.3,48.85,2465500.0,0.0,0.0,47.97,47.09,47.0,40.53,68.18,0.11
SYY,2020-10-08,66.64,67.87,66.44,67.84,2362300.0,0.0,0.0,65.52,63.36,63.78,59.69,68.22,0.29
ROK,2020-10-08,237.43,241.35,235.4,241.12,655500.0,0.0,0.0,234.03,226.41,222.78,200.55,68.24,2.68
TFC,2020-10-08,42.37,43.16,42.05,43.06,4893500.0,0.0,0.0,41.42,39.46,38.76,39.96,68.27,0.61
QSR,2020-10-08,58.72,60.16,58.2,59.96,1294900.0,0.0,0.0,58.45,57.79,56.7,53.67,68.34,0.26
AME,2020-10-08,107.01,107.01,105.73,106.5,1295100.0,0.0,0.0,104.55,101.78,100.59,90.63,68.38,0.83
AME,2020-10-08,107.01,107.01,105.73,106.5,1295100.0,0.0,0.0,104.55,101.78,100.59,90.63,68.38,0.83
BABA,2020-10-08,298.11,302.3,295.44,300.54,15087200.0,0.0,0.0,294.24,287.39,280.78,228.75,68.49,1.89
PSTG,2020-10-08,17.45,18.1,17.44,17.76,4961700.0,0.0,0.0,16.89,16.04,15.46,15.9,68.52,0.34
FE,2020-10-08,30.67,31.36,30.6,31.28,3400200.0,0.0,0.0,30.39,29.48,29.23,38.89,68.54,0.33
COST,2020-10-08,364.8,365.97,361.75,365.09,1792000.0,0.0,0.0,360.72,355.79,348.9,314.71,68.56,1.61
AVLR,2020-10-08,144.18,146.56,141.09,145.27,834000.0,0.0,0.0,139.63,134.7,127.82,102.84,68.56,2.05
IRBT,2020-10-08,84.01,86.97,83.49,86.5,494100.0,0.0,0.0,82.68,79.69,78.96,64.01,68.57,0.79
DRI,2020-10-08,101.98,103.72,100.41,103.38,1355000.0,0.3,0.0,102.18,101.55,96.21,84.61,68.59,0.28
SPCE,2020-10-08,22.45,22.54,21.55,22.09,10092000.0,0.0,0.0,21.31,20.35,18.58,18.06,68.59,0.52
TPR,2020-10-08,18.17,18.75,18.0,18.67,6438100.0,0.0,0.0,17.53,16.65,16.8,17.54,68.79,0.13
FVRR,2020-10-08,154.5,156.24,151.31,155.24,1555800.0,0.0,0.0,152.84,148.13,137.63,64.04,68.88,1.36
RF,2020-10-08,12.83,13.05,12.67,13.04,10066200.0,0.0,0.0,12.54,11.96,11.75,11.8,68.89,0.16
FITB,2020-10-08,23.55,23.82,23.31,23.71,4256000.0,0.0,0.0,22.85,21.83,21.33,20.86,68.9,0.3
SQ,2020-10-08,183.18,185.37,181.72,183.5,7120300.0,0.0,0.0,177.66,170.39,159.53,97.37,68.9,2.53
APPS,2020-10-08,36.84,37.31,35.22,35.81,2147300.0,0.0,0.0,35.46,34.03,32.18,12.26,68.95,0.13
ESI,2020-10-08,12.0,12.21,11.91,12.15,1490300.0,0.0,0.0,11.72,11.06,11.1,10.6,69.08,0.16
MRVL,2020-10-08,43.18,43.72,42.5,42.75,10494400.0,0.06,0.0,41.85,40.56,39.5,30.24,69.12,0.33
PCG,2020-10-08,10.31,10.61,10.28,10.57,18059400.0,0.0,0.0,10.21,9.89,9.78,11.09,69.12,0.08
SOGO,2020-10-08,8.88,8.89,8.87,8.87,578500.0,0.0,0.0,8.86,8.83,8.73,5.26,69.16,-0.01
DFS,2020-10-08,64.35,65.95,63.49,65.41,2926600.0,0.0,0.0,62.78,59.72,58.04,54.35,69.16,0.81
ALLY,2020-10-08,27.75,27.99,27.23,27.91,3183100.0,0.0,0.0,27.09,26.02,25.33,21.95,69.2,0.25
EIX,2020-10-08,54.98,56.13,54.95,56.1,2571700.0,0.0,0.0,54.15,52.36,51.4,58.66,69.53,0.66
ANTM,2020-10-08,294.5,294.5,288.74,293.29,1000000.0,0.0,0.0,285.87,274.07,265.75,269.1,69.53,4.58
GPS,2020-10-08,20.0,20.07,19.24,19.83,11462200.0,0.0,0.0,19.13,18.09,17.43,13.02,69.54,0.25
STX,2020-10-08,50.81,51.38,50.52,51.33,2403000.0,0.0,0.0,50.19,49.55,48.51,49.07,69.56,0.19
PPL,2020-10-08,28.87,29.18,28.76,29.11,3177400.0,0.0,0.0,28.58,27.8,27.4,27.84,69.63,0.25
MDB,2020-10-08,255.01,257.49,248.81,252.86,598800.0,0.0,0.0,246.5,238.89,226.63,184.1,69.7,3.01
JEF,2020-10-08,19.33,19.8,19.16,19.8,1297900.0,0.0,0.0,19.15,18.61,18.09,16.94,69.79,0.18
FSLY,2020-10-08,120.88,122.24,113.55,115.72,14002200.0,0.0,0.0,108.3,99.49,92.47,50.21,69.82,2.8
TGT,2020-10-08,162.6,163.32,161.39,161.86,2186700.0,0.0,0.0,160.18,158.53,154.09,121.43,70.0,0.31
STNE,2020-10-08,58.55,58.87,56.93,58.42,1065300.0,0.0,0.0,56.41,54.53,53.38,38.93,70.15,0.42
FTV,2020-10-08,81.47,82.12,80.79,81.79,3089500.0,0.0,0.0,79.75,77.56,76.38,68.28,70.22,0.61
OKTA,2020-10-08,236.6,239.0,232.68,237.57,1593000.0,0.0,0.0,231.33,222.92,211.36,168.89,70.29,3.41
FL,2020-10-08,37.49,38.42,36.88,38.34,2031400.0,0.0,0.0,36.94,34.97,34.94,30.44,70.42,0.31
PPG,2020-10-08,132.23,136.51,131.3,134.99,3161300.0,0.0,0.0,128.64,124.39,124.67,108.54,70.44,0.85
IBM,2020-10-08,130.86,135.5,129.77,131.49,25269800.0,0.0,0.0,125.39,122.45,122.0,123.49,70.65,0.92
BEPC,2020-10-08,64.96,65.3,63.0,63.43,464900.0,0.0,0.0,62.46,59.78,55.62,,70.73,0.93
EXC,2020-10-08,37.44,39.36,37.44,39.32,6926000.0,0.0,0.0,37.71,36.52,36.0,38.94,70.76,0.44
AES,2020-10-08,18.87,19.48,18.78,19.44,8812600.0,0.0,0.0,18.84,18.39,18.25,15.9,70.89,0.08
GLW,2020-10-08,35.2,35.83,35.1,35.23,4257100.0,0.0,0.0,34.22,33.04,32.5,26.53,70.99,0.34
TROW,2020-10-08,138.84,140.85,137.24,140.83,886900.0,0.0,0.0,135.74,131.2,128.56,121.62,71.0,1.76
FHN,2020-10-08,10.9,10.9,10.69,10.85,5836600.0,0.0,0.0,10.43,9.84,9.6,10.58,71.15,0.18
UMC,2020-10-08,5.61,5.91,5.23,5.41,7583100.0,0.0,0.0,5.13,4.9,4.58,2.9,71.29,0.06
INFY,2020-10-08,14.84,14.9,14.72,14.8,11188400.0,0.0,0.0,14.31,13.93,13.67,10.53,71.52,0.09
CLNY,2020-10-08,3.03,3.235,3.01,3.19,8128500.0,0.0,0.0,2.98,2.84,2.7,2.83,71.52,0.05
DG,2020-10-08,216.66,219.4,215.9,218.88,1411700.0,0.0,0.0,214.59,211.72,207.7,177.48,71.54,0.8
VFC,2020-10-08,77.54,78.46,77.05,78.33,1343100.0,0.0,0.0,75.76,73.06,72.41,67.06,71.55,0.48
EDU,2020-10-08,166.63,168.06,164.17,167.71,706700.0,0.0,0.0,161.99,155.31,153.94,132.28,71.59,1.41
UPS,2020-10-08,175.55,175.98,173.45,174.21,2795400.0,0.0,0.0,171.69,169.25,164.86,116.88,71.62,0.52
EQIX,2020-10-08,803.04,835.59,797.5,824.4,613100.0,0.0,0.0,799.72,779.28,765.01,675.34,71.68,7.43
AYX,2020-10-08,146.84,154.01,146.12,146.92,2407100.0,0.0,0.0,136.24,123.41,115.75,129.34,71.73,5.01
BLL,2020-10-08,88.13,89.4,87.68,89.0,2190400.0,0.0,0.0,86.11,83.97,83.16,71.55,71.84,0.41
NKE,2020-10-08,130.4,130.93,129.51,129.71,3594900.0,0.0,0.0,128.52,126.91,122.87,98.27,72.01,0.23
MTG,2020-10-08,10.55,10.65,10.23,10.62,5017500.0,0.0,0.0,10.12,9.49,9.32,9.38,72.09,0.17
OPK,2020-10-08,4.61,4.65,4.49,4.57,8155000.0,0.0,0.0,4.28,3.88,3.51,2.71,72.28,0.19
WIT,2020-10-08,5.28,5.32,5.18,5.23,2652100.0,0.0,0.0,4.96,4.79,4.74,3.65,72.33,0.03
LEVI,2020-10-08,15.53,15.8,15.05,15.56,4220800.0,0.0,0.0,15.0,14.21,13.59,14.54,72.35,0.25
TWLO,2020-10-08,303.05,306.64,297.0,299.1,1806000.0,0.0,0.0,289.4,270.75,250.3,174.62,72.44,7.32
PTON,2020-10-08,118.92,119.89,113.7,115.0,15338700.0,0.0,0.0,112.0,106.11,97.15,49.23,72.69,1.46
PEG,2020-10-08,57.13,58.49,57.12,58.4,1463500.0,0.0,0.0,56.85,55.69,53.95,51.72,72.77,0.49
CTVA,2020-10-08,31.78,32.64,31.3,32.33,7029900.0,0.0,0.0,30.7,29.59,29.12,27.15,72.8,0.32
IVZ,2020-10-08,13.05,13.33,12.81,12.95,11191400.0,0.0,0.0,12.31,11.75,11.2,11.44,72.88,0.19
ON,2020-10-08,25.04,26.06,24.9,26.04,22183900.0,0.0,0.0,23.91,22.65,21.96,19.3,73.22,0.4
HAS,2020-10-08,85.31,88.0,85.02,87.96,740400.0,0.0,0.0,84.83,82.41,80.04,78.58,73.69,0.85
EVR,2020-10-08,71.0,72.37,70.65,72.23,271500.0,0.0,0.0,70.08,67.18,65.68,60.38,73.72,0.76
CNP,2020-10-08,20.77,21.36,20.68,21.32,4644100.0,0.0,0.0,20.58,19.84,19.5,19.83,73.74,0.25
SEDG,2020-10-08,311.0,314.0,278.56,289.0,3177900.0,0.0,0.0,278.2,252.82,221.95,143.37,73.76,9.78
HDB,2020-10-08,54.89,55.3,54.0,54.85,1746900.0,0.0,0.0,53.34,51.43,50.18,48.31,74.21,0.58
LTHM,2020-10-08,12.29,12.53,11.43,11.72,9148700.0,0.0,0.0,11.16,9.93,9.27,7.54,74.38,0.35
ANF,2020-10-08,16.52,16.95,16.41,16.88,2099400.0,0.0,0.0,16.05,15.18,15.03,12.51,74.46,0.09
PLUG,2020-10-08,19.02,19.02,17.43,17.88,54420000.0,0.0,0.0,16.65,14.76,13.65,6.82,74.89,0.53
DUK,2020-10-08,91.49,93.43,90.9,93.15,3251900.0,0.0,0.0,91.25,88.49,85.87,85.03,75.46,0.93
GME,2020-10-08,9.54,13.64,9.19,13.49,75129200.0,0.0,0.0,10.79,10.13,9.36,5.08,75.6,0.08
NVTA,2020-10-08,51.52,53.47,49.82,52.83,3653000.0,0.0,0.0,48.8,45.85,42.58,23.89,75.68,0.74
ELAN,2020-10-08,31.49,32.62,31.35,32.13,6065900.0,0.0,0.0,30.22,28.44,27.68,25.17,75.74,0.48
HRB,2020-10-08,17.36,17.77,17.29,17.73,2942100.0,0.0,0.0,17.07,16.51,15.56,16.71,76.44,0.24
BYND,2020-10-08,193.0,197.5,188.64,193.38,5868700.0,0.0,0.0,183.2,171.48,160.16,118.02,76.53,3.32
ROKU,2020-10-08,221.96,228.33,219.33,223.84,12744800.0,0.0,0.0,210.65,199.11,185.8,132.01,76.69,3.11
SLM,2020-10-08,8.65,8.82,8.59,8.75,3320400.0,0.0,0.0,8.51,8.25,8.08,8.11,76.7,0.06
BNTX,2020-10-08,85.83,89.43,85.6,87.95,1823500.0,0.0,0.0,83.07,75.62,70.77,54.03,76.9,2.64
ED,2020-10-08,81.25,82.35,80.89,82.27,1211900.0,0.0,0.0,80.67,78.95,76.51,78.42,77.67,0.66
PWR,2020-10-08,58.56,59.25,57.81,59.0,1217900.0,0.0,0.0,57.24,54.98,53.21,40.27,77.8,0.57
AEP,2020-10-08,88.93,89.82,88.37,89.38,1626200.0,0.0,0.0,87.55,84.58,82.17,85.32,78.16,1.08
GPRO,2020-10-08,6.36,6.53,5.98,6.21,11634800.0,0.0,0.0,5.58,4.94,4.47,4.12,78.37,0.24
SO,2020-10-08,58.0,58.96,57.9,58.71,3000300.0,0.0,0.0,57.45,55.78,54.34,56.55,78.76,0.57
TTD,2020-10-08,603.49,607.7,592.17,605.55,698300.0,0.0,0.0,581.33,544.77,494.23,345.28,78.77,14.3
MORN,2020-10-08,171.2,178.6,171.16,178.38,132600.0,0.0,0.0,169.84,163.97,160.35,148.42,78.83,1.99
REGI,2020-10-08,60.85,62.29,59.25,60.16,1339100.0,0.0,0.0,57.7,53.84,49.91,29.46,79.47,0.86
OLN,2020-10-08,14.87,15.8,14.8,15.74,3763800.0,0.0,0.0,14.43,13.26,12.66,12.92,79.52,0.32
FDX,2020-10-08,269.73,272.52,266.35,271.06,1990500.0,0.0,0.0,263.92,257.67,249.37,157.93,79.58,0.57
CWEN,2020-10-08,30.29,30.79,29.96,30.76,544300.0,0.0,0.0,29.41,27.64,26.2,22.0,80.72,0.59
SPWR,2020-10-08,18.1,18.25,16.66,16.89,13033000.0,0.0,0.0,15.83,13.91,12.15,6.36,81.54,0.57
LSCG,2020-10-08,0.6001,0.639,0.57,0.62,335152.0,0.0,0.0,0.58,0.5,0.39,0.14,82.73,0.02
NVCR,2020-10-08,128.2,131.14,125.27,129.28,810700.0,0.0,0.0,122.54,115.43,109.57,76.56,86.26,1.3
JKS,2020-10-08,56.0,59.62,52.07,54.96,30562400.0,0.0,0.0,50.62,44.62,35.33,20.93,89.02,2.15
